session_id,label,session_duration_sec,total_events,write_count,read_count,rename_count,delete_count,files_modified_per_sec,unique_files_touched,unique_dirs_touched,overwrite_ratio,extension_change_count,extension_change_ratio,mean_entropy_delta,max_entropy_delta,sequential_score,max_files_per_10sec
benign-0001,0,87.656,31,13,17,1,0,0.1483,28,7,0.4333,0,0.0,0.0,0.0,0.4448,5
benign-0002,0,86.156,20,3,14,3,0,0.0348,19,7,0.1765,0,0.0,0.0,0.0,0.0782,1
benign-0003,0,88.075,25,10,15,0,0,0.1135,22,8,0.4,0,0.0,0.0,0.0,-0.0438,3
benign-0004,0,87.855,25,6,18,1,0,0.0683,25,8,0.25,0,0.0,0.0,0.0,0.1215,2
benign-0005,0,87.102,21,7,12,2,0,0.0804,21,7,0.3684,0,0.0,0.0,0.0,0.0156,2
benign-0006,0,88.516,25,7,16,2,0,0.0791,23,7,0.3043,0,0.0,0.0,0.0,0.1185,2
benign-0007,0,87.425,19,4,13,2,0,0.0458,19,6,0.2353,0,0.0,0.0,0.0,-0.2614,1
benign-0008,0,89.395,22,5,12,5,0,0.0559,22,6,0.2941,0,0.0,0.0,0.0,-0.214,2
benign-0009,0,88.639,19,7,10,2,0,0.079,19,6,0.4118,0,0.0,0.0,0.0,-0.0439,2
benign-0010,0,87.288,20,7,12,1,0,0.0802,18,7,0.3684,0,0.0,0.0,0.0,0.3459,2
benign-0011,0,85.313,21,2,14,5,0,0.0234,20,7,0.125,0,0.0,0.0,0.0,0.1104,1
benign-0012,0,86.929,22,4,15,3,0,0.046,20,7,0.2105,0,0.0,0.0,0.0,0.1248,1
benign-0013,0,85.78,26,10,15,1,0,0.1166,25,7,0.4,0,0.0,0.0,0.0,-0.239,3
benign-0014,0,89.665,24,6,16,2,0,0.0669,24,7,0.2727,0,0.0,0.0,0.0,0.0374,2
benign-0015,0,87.904,19,4,13,2,0,0.0455,17,7,0.2353,0,0.0,0.0,0.0,0.1158,2
benign-0016,0,88.98,22,13,9,0,0,0.1461,18,6,0.5909,0,0.0,0.0,0.0,0.1214,3
benign-0017,0,88.993,24,5,18,1,0,0.0562,23,6,0.2174,0,0.0,0.0,0.0,-0.107,2
benign-0018,0,86.895,27,5,20,2,0,0.0575,24,7,0.2,0,0.0,0.0,0.0,0.1911,2
benign-0019,0,89.526,23,9,13,1,0,0.1005,20,7,0.4091,0,0.0,0.0,0.0,0.2619,3
benign-0020,0,89.313,20,3,16,1,0,0.0336,20,7,0.1579,0,0.0,0.0,0.0,-0.1353,2
benign-0021,0,85.993,19,7,8,4,0,0.0814,17,7,0.4667,0,0.0,0.0,0.0,-0.0053,2
benign-0022,0,89.346,26,10,15,1,0,0.1119,25,7,0.4,0,0.0,0.0,0.0,0.0639,2
benign-0023,0,81.431,21,7,11,3,0,0.086,21,8,0.3889,0,0.0,0.0,0.0,-0.2649,3
benign-0024,0,12.491,4,0,4,0,0,0.0,4,3,0.0,0,0.0,0.0,0.0,0.4,0
benign-0025,0,9.252,3,2,1,0,0,0.2162,3,2,0.6667,0,0.0,0.0,0.0,0.5,2
benign-0026,0,89.129,17,9,7,1,0,0.101,17,7,0.5625,0,0.0,0.0,0.0,0.1912,2
benign-0027,0,86.904,22,8,13,1,0,0.0921,22,7,0.381,0,0.0,0.0,0.0,-0.0277,2
benign-0028,0,88.939,27,12,14,1,0,0.1349,25,7,0.4615,0,0.0,0.0,0.0,-0.1136,3
benign-0029,0,86.708,21,7,13,1,0,0.0807,18,7,0.35,0,0.0,0.0,0.0,-0.2558,2
benign-0030,0,89.93,20,5,12,3,0,0.0556,20,7,0.2941,0,0.0,0.0,0.0,0.0015,2
benign-0031,0,85.016,20,6,11,3,0,0.0706,18,6,0.3529,0,0.0,0.0,0.0,-0.1594,2
benign-0032,0,83.065,20,9,10,1,0,0.1083,20,7,0.4737,0,0.0,0.0,0.0,0.0105,3
benign-0033,0,88.738,20,8,11,1,0,0.0902,20,5,0.4211,0,0.0,0.0,0.0,0.212,3
benign-0034,0,88.181,24,4,20,0,0,0.0454,24,8,0.1667,0,0.0,0.0,0.0,0.0417,2
benign-0035,0,89.532,21,4,15,2,0,0.0447,21,7,0.2105,0,0.0,0.0,0.0,-0.2312,2
benign-0036,0,89.421,24,5,18,1,0,0.0559,22,7,0.2174,0,0.0,0.0,0.0,-0.1052,1
benign-0037,0,83.536,18,5,11,2,0,0.0599,17,7,0.3125,0,0.0,0.0,0.0,0.1682,2
benign-0038,0,87.583,17,4,11,2,0,0.0457,16,6,0.2667,0,0.0,0.0,0.0,-0.1373,2
benign-0039,0,87.726,20,5,12,3,0,0.057,19,8,0.2941,0,0.0,0.0,0.0,-0.0707,2
benign-0040,0,85.492,24,5,17,2,0,0.0585,23,7,0.2273,0,0.0,0.0,0.0,0.2339,2
ransom-0001,1,7.655,196,98,0,98,0,12.8024,98,7,1.0,98,1.0,0.0,0.0,1.0,98
ransom-0002,1,6.661,136,68,0,68,0,10.2094,68,6,1.0,68,1.0,0.0,0.0,0.9999,68
ransom-0003,1,8.882,178,89,0,89,0,10.0202,89,7,1.0,89,1.0,0.0,0.0,1.0,89
ransom-0004,1,2.598,72,36,0,36,0,13.8559,36,4,1.0,36,1.0,0.0,0.0,0.9998,36
ransom-0005,1,2.406,96,48,0,48,0,19.9469,48,4,1.0,48,1.0,0.0,0.0,0.9999,48
ransom-0006,1,10.292,146,73,0,73,0,7.0927,73,6,1.0,73,1.0,0.0,0.0,0.9999,70
ransom-0007,1,5.741,188,94,0,94,0,16.3747,94,7,1.0,94,1.0,0.0,0.0,1.0,94
ransom-0008,1,9.255,184,92,0,92,0,9.9409,92,7,1.0,92,1.0,0.0,0.0,1.0,92
ransom-0009,1,7.236,138,69,0,69,0,9.5361,69,6,1.0,69,1.0,0.0,0.0,0.9999,69
ransom-0010,1,4.594,126,63,0,63,0,13.7144,63,5,1.0,63,1.0,0.0,0.0,0.9999,63
ransom-0011,1,4.999,162,81,0,81,0,16.2026,81,6,1.0,81,1.0,0.0,0.0,0.9999,81
ransom-0012,1,5.81,188,94,0,94,0,16.1794,94,7,1.0,94,1.0,0.0,0.0,1.0,94
ransom-0013,1,5.436,172,86,0,86,0,15.8209,86,7,1.0,86,1.0,0.0,0.0,1.0,86
ransom-0014,1,5.134,180,90,0,90,0,17.5294,90,7,1.0,90,1.0,0.0,0.0,1.0,90
ransom-0015,1,5.389,148,74,0,74,0,13.7304,74,6,1.0,74,1.0,0.0,0.0,0.9999,74
ransom-0016,1,2.591,92,46,0,46,0,17.7564,46,4,1.0,46,1.0,0.0,0.0,0.9999,46
ransom-0017,1,5.571,122,61,0,61,0,10.9493,61,5,1.0,61,1.0,0.0,0.0,0.9999,61
ransom-0018,1,5.018,148,74,0,74,0,14.7472,74,6,1.0,74,1.0,0.0,0.0,0.9999,74
ransom-0019,1,4.31,80,40,0,40,0,9.2803,40,4,1.0,40,1.0,0.0,0.0,0.9998,40
ransom-0020,1,4.557,154,77,0,77,0,16.8964,77,6,1.0,77,1.0,0.0,0.0,0.9999,77
ransom-0021,1,5.671,196,98,0,98,0,17.2815,98,7,1.0,98,1.0,0.0,0.0,1.0,98
ransom-0022,1,19.036,186,93,0,93,0,4.8855,93,7,1.0,93,1.0,0.0,0.0,1.0,49
ransom-0023,1,7.275,136,68,0,68,0,9.3469,68,6,1.0,68,1.0,0.0,0.0,0.9999,68
ransom-0024,1,4.793,68,34,0,34,0,7.0941,34,4,1.0,34,1.0,0.0,0.0,0.9998,34
ransom-0025,1,11.042,116,58,0,58,0,5.2525,58,5,1.0,58,1.0,0.0,0.0,0.9999,52
ransom-0026,1,7.383,172,86,0,86,0,11.6486,86,7,1.0,86,1.0,0.0,0.0,1.0,86
ransom-0027,1,6.152,154,77,0,77,0,12.5155,77,6,1.0,77,1.0,0.0,0.0,0.9999,77
ransom-0028,1,4.317,138,69,0,69,0,15.985,69,6,1.0,69,1.0,0.0,0.0,0.9999,69
ransom-0029,1,5.003,158,79,0,79,0,15.789,79,6,1.0,79,1.0,0.0,0.0,0.9999,79
ransom-0030,1,4.471,94,47,0,47,0,10.5124,47,4,1.0,47,1.0,0.0,0.0,0.9999,47
ransom-0031,1,9.661,132,66,0,66,0,6.8316,66,6,1.0,66,1.0,0.0,0.0,1.0,66
ransom-0032,1,12.382,190,95,0,95,0,7.6726,95,7,1.0,95,1.0,0.0,0.0,1.0,77
ransom-0033,1,3.078,88,44,0,44,0,14.2944,44,4,1.0,44,1.0,0.0,0.0,0.9999,44
ransom-0034,1,6.027,102,51,0,51,0,8.4619,51,5,1.0,51,1.0,0.0,0.0,0.9999,51
ransom-0035,1,4.536,142,71,0,71,0,15.6522,71,6,1.0,71,1.0,0.0,0.0,0.9999,71
ransom-0036,1,11.593,174,87,0,87,0,7.5047,87,7,1.0,87,1.0,0.0,0.0,1.0,75
ransom-0037,1,4.231,122,61,0,61,0,14.4179,61,5,1.0,61,1.0,0.0,0.0,0.9999,61
ransom-0038,1,7.904,76,38,0,38,0,4.8079,38,4,1.0,38,1.0,0.0,0.0,0.9998,38
ransom-0039,1,5.208,140,70,0,70,0,13.442,70,6,1.0,70,1.0,0.0,0.0,0.9999,70
ransom-0040,1,4.042,136,68,0,68,0,16.8241,68,6,1.0,68,1.0,0.0,0.0,0.9999,68
