session_duration_sec,files_modified_per_sec,overwrite_ratio,sequential_score,max_files_per_10sec,unique_dirs_touched,write_count,read_count,unique_files_touched,mean_entropy_delta,label
27.32509037118854,1.1645510692411867,0.9590171221729769,0.8767543604968017,7.901314117427986,5.028046935528069,30.03152558156375,0.03189859592268132,29.154095658385458,0.003348502424463282,1
45.88406904571983,17.938184438416684,0.0917922226330229,0.19767498723908505,175.67528720522947,17.961384566320334,828.148506136811,9.893277460122896,820.0339911052106,0.030290342176242793,0
29.31996101794813,33.141285603001265,0.07865800970836885,0.0,327.3227812189068,12.973688373693378,953.0618396372399,8.065237437035082,948.8897181500959,0.09535286320720017,0
9.991654392291805,21.289399795590892,0.950409127365537,0.8483294816722043,210.4976086814697,4.966057530924555,227.37663812700242,1.022501554566486,231.21955387329038,0.03144144139429288,1
61.2043301312484,1.1474326071102825,0.8667432784413382,0.9255211633200571,6.787629177461028,6.031605548016661,85.01634952623863,0.0,78.27885367473618,0.0,1
262.6193023640448,0.0,0.05475362931071254,0.027100624947591037,0.0,0.9550124765611765,7.293817282759002,4.054844781543803,0.0,1.417485542551526,0
64.94811179117292,0.0,0.10104501423238339,0.13412464573994218,0.0,0.9684986655326998,10.895074214644538,2.862199899972502,7.92887120308344,0.9737839523856445,0
160.42030699741568,0.013001168050829293,0.08355702702179395,0.0,1.0472330412113056,1.0629406747955517,1.108709672847763,2.9873941880648873,0.0,0.557739658705169,0
13.9883426389804,36.3145531838627,0.9494708928019207,0.94380470996397,365.1910661408539,5.954291043099658,508.8906727911265,1.2190190033669241,514.2668180784316,0.0033120529963235456,1
26.223732793510358,8.816820168254756,0.07159532377661308,0.9117842859588013,85.10127702045563,2.0979752218909025,218.2386783670614,9.107071701232675,243.64017263830578,0.3131956359179846,0
138.73095169801226,0.434693269599499,0.045020553285352705,0.0,0.0,1.9977758992972638,10.98043290565216,16.959896723827004,19.453068846370858,0.0,0
104.56420947334288,2.414460229519012,0.9912145715455313,0.9645557849666009,0.6344139536055202,5.873455016840921,285.16224492376546,1.27549124671109,290.0198437973178,0.0018131116184435525,1
8.616463441747804,5.2188994734449725,0.9169233092601019,0.9151572517619427,60.14732971144901,1.9706497896640462,50.9611147527543,0.109314294811179,64.88493996654893,0.01748295697893784,1
5.480683062103707,28.44376824061733,0.9027677263307383,0.8696353882015737,284.1772439837362,4.968154968982096,198.12356631422512,0.009230588983463519,196.9582463444374,0.0004668658740028548,1
26.141746057528625,13.022992852385219,0.9576799607997092,0.765271298182141,439.44983078035415,6.0123184067118425,354.82322580933976,0.0,349.818926866692,0.01887249448000912,1
15.513309305602325,15.698517145544876,0.04995467227025011,0.08138880193542415,158.36052800653152,16.968858407021234,242.51470658313647,21.047657168920008,236.4438794468957,0.042440837428586266,0
59.388385962888506,0.6981644188490164,0.9164610476048981,0.8456875861082145,7.094842955131319,6.0861757315673355,61.705079164592085,0.9645229216275718,47.299592066839985,0.0,1
284.0945017654019,0.2608159577423143,0.024705298056503306,0.004211228233874751,5.464841421336762,0.8827025637909753,0.0,2.7409296005250448,11.017059394954915,1.4253787386347423,0
11.43308496695347,48.69157307716945,0.961494282207383,0.8285154193033111,491.5866598403226,6.053725689709707,591.725205965619,0.012295977688502518,583.1782057357118,0.04555638946837231,1
29.89171665502496,1.980924601188339,0.9952813517449182,0.9260448927723114,3.4448081013025345,4.838819526161829,74.53868428578458,0.06101994766511508,70.57865786731645,0.005476058691341315,1
20.828782205388745,13.283650091571062,0.14268895273064952,0.7234718486560546,128.76824993454966,2.061578049896141,282.9629021000197,4.8388330151249495,272.5758230335535,0.3199507814819728,0
109.61885903593313,2.334382326691881,0.9379188368946291,0.9192186540166523,3.761196748287445,5.0622560530113265,292.69482653953446,0.17453438506427701,275.90642016330014,0.0321977552969363,1
54.891945694280835,33.79379207844028,0.021809009778707773,0.0022207664486169863,341.7960511911194,7.939906409924028,1869.9800563520441,7.861896942297761,1875.4476572855299,0.09274640403670216,0
117.28605884258516,0.16342291856547425,0.1421862732478226,0.2812438697499135,1.1759982180666801,0.9732771721095622,0.0,1.9702497561566485,5.196868403164653,0.9890653366259851,0
43.421918913552766,10.47664546193444,0.9777543898676344,0.8638400306671672,282.7287822633135,5.008154843035395,444.63221066795273,0.0,456.02731510844217,0.0,1
20.920826945840616,11.967556131542626,0.7735708004795968,0.6359772456377172,120.8316241889236,0.908901440030054,273.81354408014244,0.0,1.3377453285791034,0.0,0
71.06379210187124,0.1544176620388536,0.27973489883121816,0.0,0.5034594834819583,1.9956893971836747,15.352827229822331,6.006280043266435,16.963515395935094,0.006176906058959829,0
30.418328567926174,22.692613625922785,0.9669978457935802,0.7641851307516104,555.5587324378794,6.085743835302875,705.1646440722749,1.917232962313291,698.6211533102714,0.0,1
147.77930991903582,0.21138087413060325,0.0,0.19977599048266573,0.0,1.0421976938559028,2.542572207152056,1.0840064106633787,3.9734696569718357,1.3624221289552487,0
59.98967730626153,11.779577323137339,0.8994570301904822,0.7329139252302673,115.76695667312316,0.867826686122675,710.1388019085928,2.0435986884944155,0.0,0.0,0
26.397207904147862,12.407037756849876,0.09157651353612682,0.7867776281410251,125.6502759387708,1.0307677617866713,340.48034911071716,6.7889214954925565,339.25992411790816,0.3966351202003142,0
291.1432285467449,0.0,0.018051344517306767,0.15646653170234648,0.0,0.9721838050329811,4.03672177023003,0.9157785538465814,7.147093856762068,1.3036496743638326,0
6.9494776974168,15.622156653416512,0.9402186014551787,0.9145937297904284,158.02553158143192,1.1192199967670193,117.37207840260479,0.013917745625047013,119.4641008538314,0.0,1
6.952973826224997,31.726165342378717,1.0003536140268598,0.8964360028596795,313.2495974202056,5.096459984972472,202.3663991885082,0.020468505129244113,196.8986005078598,0.04762493817671969,1
135.76330114377282,0.0629404909586489,0.05511460461623087,0.1625230333515275,6.17419027419614,0.9648102229731301,11.192872854500473,16.136130253598495,21.627642054872716,0.0069158679295380325,0
105.48250813576615,0.0,0.28150975595587024,0.0,0.0,2.1541191835625453,10.028246420701034,14.721099229686844,26.218795967322905,0.0,0
76.6188643150967,0.2207445378303955,0.1748436315859056,0.0,0.0,0.9476116128794561,0.0,2.033488491499226,0.0,0.7558053030550494,0
40.67909315750492,34.90191069496041,0.0,0.0,352.3220167131917,15.064633611948121,1434.1022382508586,18.890878410895525,1442.8828711622132,0.030752971064461666,0
61.65163778746749,2.3110813563971373,0.9835022266470301,0.782942193790193,5.517111454379826,5.972835353957009,136.95903946593052,0.9633902305542563,125.12763011931578,0.02131398001423612,1
190.9673284033578,0.0,0.05204570105380977,0.04536042324606293,1.5168045319433068,0.9046032763541786,0.5349755702456513,2.7441557054790757,23.92558736820966,0.885408844740029,0
45.6719059031812,2.7569980775116396,1.002095795423965,0.6667404853315007,8.507739293755314,6.014449433490573,114.78437577505227,2.073576176176356,132.34836334445697,0.004611573521902801,1
19.27287717200081,11.514989333471464,0.9055098318257562,0.7699047527444849,318.10618998391743,5.155739687200041,233.9722385289185,0.23322631593843185,224.83097330255623,0.007162993304198343,1
38.903029118700445,17.08932270873658,0.9403944633240302,0.5126697908527842,169.5339316023707,1.016310828153232,679.6972134075259,2.020711144213429,4.936301514074408,0.0049259332045843195,0
44.95740500530288,25.919072944819984,0.028921599566526367,0.08525863092690021,264.2419478199613,13.967882143777643,1187.2086001902567,10.139668343115526,1196.9706254189296,0.09328074568082789,0
34.76716210560485,15.688306325813999,0.9062773761026224,0.8887250442309063,371.403587272102,5.827956543122914,538.5610997511135,0.9531946175737144,546.980637194249,0.015260438394952489,1
71.89425940379564,2.2965657030557107,0.847639538391124,0.7820836200682935,7.767668549901413,3.9618875486201053,161.63282972450295,1.0402369182075881,163.92766621780663,0.016565247763297184,1
35.9230119315801,18.218301268372002,0.8547730829412422,0.8551118531303369,422.6083071383828,5.038703672491224,677.1980057942745,0.2690427397789294,662.6837600253768,0.009270247393136716,1
135.89715941485545,0.0,0.09120090067666677,0.009353033186445816,1.5215690395450392,0.8048491818440979,0.0,13.170653088343936,24.229409360480325,0.0,0
25.411938580798587,39.25077871264519,0.07966681755481889,0.023269977380087042,393.809486976061,15.943889787550095,1018.2281888332559,13.00321735607773,1015.6457250916321,0.049733699590629524,0
21.511756144440845,8.804856210453288,0.9890524274813014,0.8009141848796623,329.38744126872774,5.961303716420466,203.4430765793482,2.1374013636004667,200.60237610116147,0.04141772919237693,1
12.846110708468323,44.73306427317606,0.991309769514375,0.8882875553364964,444.2105008880661,5.965014891522474,525.9695738731482,1.8095497834845375,530.5284352349283,0.015432889383266044,1
49.69835001224282,16.310147736702742,0.08731160741866377,0.2281481653304779,163.8416024472866,16.894567187556166,790.0963224326008,10.082219532824196,791.0327280829018,0.0,0
34.68314046105821,1.4620623855673878,0.8895962541453162,0.766641594261279,11.913790428372952,2.9501797491979835,45.98689999674835,2.0807479246251117,55.65343685984211,0.002406357155437759,1
183.87556954878252,0.0,0.08641004248482625,0.0,2.306847413856995,0.8863033724288544,1.6221559651066746,0.8822772953726801,3.4949026975127637,0.7851354555497047,0
9.891812957362767,26.916929276960342,0.8780908816314459,0.8866059345931919,263.33400066816506,5.91712699889379,279.9782560727091,0.0,287.8026170873537,0.010910963209144225,1
30.578439979038276,22.76851249997687,0.9785159932967245,0.7472852411079116,523.5224387062622,5.941669706181766,758.517498217687,0.0,751.8428168682242,0.03667463977347078,1
32.02884493126639,9.759881017110526,0.9529959501572051,0.8159324523548109,291.03588635281795,5.097396223169526,325.98581755492836,0.04557162405955323,304.72292258578545,0.0,1
145.92662068326953,0.04521227692066519,0.1805250584535764,0.1793538321986199,2.2985645367038625,0.9233716463999062,0.0,3.005920364358252,15.031165983590142,1.4766588168452472,0
24.833430976473878,0.5369065209672682,0.9862947158761138,0.7452580733412,9.478407017852298,6.114597588067658,17.742726781279277,0.0,24.61966773459968,0.019151673249374387,1
113.95216430156435,2.6722353196425033,0.9307801314475936,0.9189837656059227,6.9801941571949575,4.883735866143275,323.7932375569889,0.020239883808149495,314.8536155841294,0.0,1
45.748465027774415,11.023722256307419,0.8975080145584997,0.8992683793183046,118.82898215596386,1.1032457934019653,543.835041165018,0.0,14.497818320408308,0.01325066938084336,0
21.72735773329288,16.921699477332492,0.020088711762156437,0.6952768683911122,162.27606176253255,0.8810279119696178,352.29099990381866,7.919965327311713,349.87088530103705,0.4476088814577651,0
37.6094064010519,25.065036841832924,0.05908557908447032,0.06541203753742479,254.38524441997657,15.946272836726816,903.8251014830328,12.947798416400762,910.2059956244856,0.003995443290880891,0
42.58352250012322,0.7928802065036522,0.9472063484032396,0.7899308979878202,11.951107705571424,5.005305280422407,40.11057330323239,1.0546569204966787,26.66895072775339,0.008316563003142697,1
41.535814861045736,15.654261541012467,0.9840227476258143,0.5604564033971866,156.26692176633114,0.868285899699516,605.9868653676948,0.9340086518670487,0.0,0.008550472626688692,0
194.78512497205955,0.22680830050503287,0.1846655745475821,0.3661300816718887,0.0,1.0743334674579714,0.0,1.1287143804339597,0.0,1.1235157472185295,0
8.756558002273444,19.78411193130735,0.8592663096169212,0.9346433557456568,201.05527348828102,2.0516060025358827,170.31899060699138,1.0267037011105813,163.7372481635964,0.020163885206867294,1
18.99584223156638,16.472705375765692,0.9803460518812533,0.7565813414857852,160.70305835727777,1.9114231558267936,326.1629300123751,0.060185066512529715,319.79554977886215,0.011847543892320973,1
49.62040548359739,17.577082124478967,0.027240866594846768,0.0,180.24639640117644,18.999132768268044,831.7135095612994,21.97458275451354,835.0682204487545,0.05349307232555704,0
14.209458286175341,3.083353226519879,0.9822297570323641,0.8647976512468921,14.660164225998752,3.9222089984779838,27.08356501457799,0.9859179467065451,24.947417131606755,0.007818737336322743,1
44.33731589552137,1.0671403686858578,0.9936626955382429,0.8645505012596743,12.219567781566791,6.11002875142296,46.15546820684564,0.0,38.4621903023228,0.030681333291957415,1
98.18767274908308,0.42545755389576345,0.0776544263802409,0.001326619907432505,2.290034873974229,1.0369343869631598,4.731599956556213,16.075714877856264,31.446287117624017,0.0,0
25.036235353271035,0.27276891435817174,1.0039759861099038,0.7622200898775887,7.247626072245958,5.8041165152754655,15.648002286044537,0.0,14.264555621897209,0.010073515503677959,1
13.330998874065779,8.046593802013899,0.8299917800389848,0.7411375990203526,84.20167797197549,0.9832203113603175,111.32417987418289,0.8490909616019484,0.0,0.007890821845024001,0
7.368834723563085,21.072289811058404,0.9832044175216966,0.9864568025421458,212.70761742501824,4.944265761894329,157.99751288676785,2.144018030196716,142.1433965854045,0.0039803665657335485,1
61.324972596976835,10.089678726413727,0.8019934918997631,0.8138101030924447,104.7696589095911,1.0461840368250293,625.48924178459,0.0,15.420540968106794,0.002202248902077525,0
38.40095242540504,1.227676546092466,0.9732291847420211,0.8325142171321457,4.776727941499955,5.9560947551059,58.220729148319926,0.0,60.75285978457734,0.017847819721523155,1
60.059805645533785,9.349953881928958,0.9399203822846535,0.873360873555707,225.06465947618162,4.089159225674161,568.8570878181401,1.0853442143648857,563.6426783749296,0.023203928256017418,1
271.87095077923385,0.30495023862241394,0.028106094248544662,0.3284128467689223,0.6449027008891551,1.0066218248109344,10.285945982560953,3.898391833512449,4.035489469708276,0.5537054531687445,0
66.40491674032539,0.0,0.13062448106973365,0.24453984787637986,0.0,0.950914175887989,0.0,0.8751080154837673,2.706227777934359,1.4485609063622469,0
10.402812345495311,0.2813249860969433,0.8423445047408189,0.6948623131668433,6.162418410720575,5.191576127097523,17.704364502225413,1.980998692108258,5.047150974993347,0.027058763600204427,1
16.931036493103065,10.521840979591845,0.0,0.841784999051619,105.01475338479317,2.0243915896087032,172.31017200399756,6.921281344269827,153.17493382325392,0.10516134317356163,0
14.171584897139912,1.4946579092134384,0.9161978821655886,0.8976876397828828,13.24660606477293,3.0499367323262856,37.28654862824117,0.8340205645753556,23.497064002539823,0.029828476719898727,1
276.18309405644527,0.23863868442703015,0.1283552929244507,0.0,0.0,0.9339664471806084,3.4540572578066113,3.850989215856492,8.72384280254093,1.4511168114782012,0
24.778234334224635,11.970860778217352,0.9151918368046276,0.8004987913366879,289.30954012180723,4.107840299460812,304.4728756740854,1.185239480559941,295.9265159596467,0.036946209877636076,1
81.52637961962347,1.6043039686331055,0.9831793703347095,0.7787240487413782,2.587478707208627,6.124817932647986,116.74772926020017,1.0194466177600492,125.09182159941417,0.0,1
232.06647927452616,0.5812009916717316,0.15982868682122228,0.3476337973792552,0.0,1.0501724570339426,5.246362444566841,0.988824386740672,0.0,1.4436925275320516,0
24.803444445302578,13.593797756929323,0.9366398456922645,0.6700499172436306,132.00485471165004,0.9744947768702017,321.7082460317506,2.000602690390417,0.0,0.004046111554548207,0
10.794416576222572,15.905195314431015,0.9745460849983992,0.8456507311235603,155.06082310873552,6.014536336789971,157.52144319142354,1.1560965074511615,157.38488736321668,0.028300163511788035,1
97.81252153456744,0.4056866700227111,0.05956042058437037,0.008475892914986523,0.0,0.9224854381486766,5.132991935870894,12.155276278932908,0.0,0.006169806781472253,0
31.736663043867274,8.836730695546434,0.8774352951181837,0.9045177434248032,198.71846244712293,3.994058092366378,272.10158163663704,0.0,264.05100563394615,0.0,1
3.2120661942131243,30.645820279994293,0.9147265659595385,0.903943651851091,302.5068946133347,5.004405651532088,113.58184950521857,0.017498423402712095,111.71648844043392,0.028604371731660735,1
6.08687789600784,10.262564187276334,0.12278524024422417,0.6923105827883824,104.76297326566252,1.9981514509585012,76.4956995809708,6.951542148909504,79.48440102272177,0.15345094667758089,0
80.53394071525997,0.3619973763336734,0.11975843452132194,0.20404657073013674,7.362677012462252,0.8805606868126034,3.3197124709451686,2.977317318373356,2.952688012047875,0.657337703703537,0
19.080848536861698,19.183048505397462,0.8691893793727926,0.9760955300226849,188.49688133399601,2.0127872871037975,391.5780811709803,1.1736398269064703,398.8829938075424,0.026154725490067636,1
21.030087721680648,2.4780917451442184,0.8904256842863404,0.7584390524696646,4.63824304716071,3.0705402088651903,58.366459770040485,0.908810821767965,69.56462946507142,0.028769070698229433,1
71.09920258424994,2.793440150683808,0.9373459955316579,0.9055447738890017,0.0,5.030501259417225,186.71029431602767,0.1312567190382087,193.04019022700538,0.014897060058874772,1
99.56107953924733,1.8634260232781055,0.9378204337230494,0.8485043233306959,2.9256452950322682,4.1452843413725295,156.3422705490393,0.7734615564644003,185.73603684714732,0.03500094698131339,1
5.838960000136604,19.055309419771458,0.9800912337579433,0.8801675840661721,188.03720594834584,1.9945889897747664,126.80323014039332,0.0,134.18756648462843,0.0,1
57.74923800187357,2.361587612832543,0.879774284148934,0.9093512259648444,13.343051576480079,4.9822128328004025,131.38915306248086,1.9513398015375643,130.36042550357615,0.0017981748905817902,1
56.30205806928657,13.89112356479667,0.7981925236243755,0.6897545370318195,134.61567164990817,1.0454093482971707,763.0974073539738,0.0,9.48131988529552,0.0,0
21.06529428271482,0.3840457515642989,0.8722157097415884,0.8357685445243245,8.750656221480964,6.064346307212448,17.655390685899746,0.0,19.333061430614524,0.005190570913073225,1
20.9796519110431,18.633945058879398,0.7653753842956793,0.6174368058239211,186.12953605974036,1.0127404650648026,348.932517922685,0.9165542227215502,0.0,0.0021984120192972997,0
72.60863761463861,0.3752888884391708,0.007549228193735128,0.06934008995246892,0.0,1.9690282649939452,4.068572748413127,8.056699757806305,6.32963985391298,0.014063192247540105,0
49.11418263732119,38.92802071847442,0.07896761705532074,0.26094910448483066,386.53451848265854,19.04329558940102,1878.0087466106347,13.06748939779086,1896.5654757768239,0.047279410248426246,0
10.08621706427995,15.432861384559438,0.08123979871108791,0.07722261287246973,157.15052040393402,8.103693793265055,190.63915884080726,23.01439973125182,188.43123703797022,0.037307799919326416,0
57.99365666758746,17.572524426205874,0.04535303792916292,0.08255599189278551,182.1853047017003,8.070237743416772,1039.4090064149466,24.036092953252236,1036.9878069873425,0.056203350793935875,0
52.26214833234308,0.7987430186347075,0.8884350603921181,0.7956631019917663,2.991374445702827,5.903978099525744,57.64418630365902,1.8731845212101705,52.842169187617614,0.03004732330773078,1
25.961448717856424,25.013310785559963,0.15983347916882995,0.9376392255566214,245.171945722696,0.903130746390089,674.9255729826192,3.1536254493983886,680.1187112215116,0.23059771924140288,0
55.61422953307134,2.286750147563142,0.9738078917098092,0.8783442316321306,10.81865359837312,6.050770150354901,135.71904252466933,2.127964417355578,113.76601135264806,0.022900198990078745,1
35.76135455592047,10.126438940072902,0.956473136253272,0.8965868277756257,362.9996507873288,4.00911708660139,365.63899844961594,0.9940683349971265,355.44537706611914,0.025376085405132084,1
120.96931552635155,0.15145761845551914,0.043775933333485804,0.07402783571496908,4.121262551830631,1.0982174506113584,4.695208211116048,4.115439201144412,2.868371821723632,1.0446141030592317,0
47.76911359666961,17.15459410410633,0.7619703567700609,0.7554781003848664,171.9473477798634,0.9070141090562883,800.5481086171401,0.0,5.712912781753769,0.0,0
159.82365527081788,0.12081873030428235,0.18608034771488943,0.17924093950602973,1.303500031387898,0.9891410719309158,16.10597831536721,1.810615200779644,2.8339382286190955,0.62214684945206,0
22.01833760363252,21.23930799267912,0.8611364807473121,0.7022161363020324,549.1035707784368,5.0315126126226835,469.43674015928036,0.0,466.29408024482194,0.011118974541756083,1
30.055104901473356,14.590347021018664,0.8710258131722498,0.7969671712663803,143.04897306236583,1.0387298004580277,455.88903541079236,2.0352218510864017,7.880199363102985,0.0,0
17.46502568395102,1.025850497186048,0.9909395533052401,0.8258602666888405,6.020252364370061,4.066776859539422,31.58857472979011,0.04930570132584619,24.531733967081465,0.011233675923398873,1
15.574389085169294,2.1536890463292337,0.9409301955184882,0.6731549827727691,15.305560213986857,2.962603961126404,39.93995151010349,2.101869723406132,29.340380288703294,0.018016823333446633,1
43.35231445143389,23.35294489683542,0.07479967467597512,0.11454344687959117,231.7461736729356,16.060231443826694,1044.5537916198691,25.139838396059158,1047.7022079684998,0.06476982726549044,0
36.80486262359431,1.7846402575751275,0.9173474951079444,0.7559823336935715,0.0,2.9352179233738043,54.250613350782096,2.097890633626754,48.87815403462301,0.00841680225241024,1
25.80927083388258,0.43768511700848256,0.9913508484372954,0.6644726690286423,4.611000188062491,2.9291925429380363,10.756046452730121,0.00791134190024891,15.761901548512256,0.0,1
18.828578055145254,9.867588336993204,0.13494223827872973,0.9109451497406615,96.6950643975043,1.967919597108115,184.1756112261923,2.0918098403919485,185.01844828728764,0.1716089708297168,0
54.862447989689386,3.022634689185793,0.8656410944443694,0.8457413299879004,8.155162938000181,5.990523148652438,165.7392180570926,0.0,161.46290750129864,0.02359898874446815,1
56.92681551271564,1.0706977921324696,0.8993920088086367,0.7733031105254282,9.389456818040356,6.088361728166757,95.72576179866519,0.04748276412327432,106.9913696577946,0.031864719797534774,1
66.6766492355099,0.35381592020739283,0.9071594920214636,0.9731111370219427,0.0,3.969598758514079,50.672260078093444,0.9695256058609544,55.134781629397615,0.0187822000985466,1
59.50634109374525,11.114104855266715,0.7247802296077379,0.7214598656490703,106.04633839002825,1.062925236639319,650.3023055541273,2.1894859962345055,15.827159054788433,0.014924994179093806,0
22.517151519938846,15.476105171218558,0.8757418027026013,0.901546781626192,152.81882608226806,1.065824531206535,317.8585932642218,0.07306808036844022,322.27747461557306,0.0,1
153.70887939503993,0.1046602684158659,0.011651835209475915,0.1957267476914721,0.0,1.9827313291501079,7.829996586602548,9.84346560697478,19.812869896794076,0.0,0
58.943918786898045,39.484325394911345,0.09316670995603754,0.22270360739882417,393.51442884699367,9.073998273796215,2340.680613403053,12.943238006738907,2335.5302843421723,0.022249816445646747,0
96.02748881828813,2.8488591882423036,0.9671183334485322,0.807627345973533,6.627648894144173,4.005489610929713,269.6137736902284,0.0,273.67778094470634,0.029853341495297406,1
17.78265685773689,17.382926470971068,0.048770368584813054,0.3105408893150328,174.55415499915912,18.981623928537996,338.46546723297433,18.027038457999588,336.8494286240499,0.045786193592113944,0
21.00522692780264,15.849825375305716,0.06681257106263397,0.6933010730450241,158.63321615170736,1.9484063273023984,378.46218022825303,4.067261183513152,395.7516103743315,0.19219497145502046,0
25.195262031606905,22.366242636946243,0.9481434891183447,0.9556766610663588,589.9296523513592,3.989208553814723,570.5039399851286,1.8519807653447824,576.310998599941,0.005985725551812829,1
23.673130090562946,15.600609617814499,0.026900969108088913,0.0,153.1484580138836,6.114952991663438,339.76838251748694,6.094863604719171,355.7209750214254,0.09205460010185086,0
25.20580509054583,0.61370456638812,0.8890326374438305,0.6689038400646987,2.171340725554226,3.9281016867861687,26.24284019922859,1.9301827962345612,5.732358433577591,0.0,1
3.788310219610496,9.244493313113676,0.858383031342949,0.7911836926804703,88.20460364851009,1.9955238478860302,56.99614112512107,1.085948007188817,53.297453870342885,0.014425268740273157,1
43.09158294965454,17.63281651350764,0.7570273631551199,0.550499493511161,173.43753752652276,1.0384954151477115,789.1744192453102,1.9903107336495338,10.42094498720573,0.004901634507315162,0
25.558828330321617,16.010631891704353,0.9275484929627125,0.8567351457050902,164.963639353277,1.0841704858789014,395.76931890749864,0.9292964532684218,402.00619808341423,0.012209860414418034,1
80.14360379197254,0.31990626096142555,0.21589377660036735,0.0,0.0,0.9502257962730308,6.8996297108956135,7.155438031592377,18.758811036567362,0.013056819928809318,0
3.889317902741156,18.89979901436831,1.0114885190274856,0.8920305154182491,188.89495886040694,5.888807213983816,81.98792802577414,1.1288425204550567,70.74419526565008,0.050095659906950224,1
24.894267088742318,9.706874770941583,0.8682060389570686,0.7491838427615949,276.6332161036273,5.907394529053473,249.1987697292775,2.1226806289004583,262.1612508460654,0.0,1
112.55951850816592,0.19190027801842763,0.2340982670971048,0.2759689920595411,0.0,1.836545388826264,20.692705645158043,17.963998277630395,30.821192165287243,0.0009719812164026643,0
9.976084177112323,27.565765857844415,0.9814345889236201,0.9148172181536368,281.0642923904148,5.166781131269784,216.32387635758306,2.1624523532739532,216.83585870577832,0.02064032810667673,1
54.59326413358247,19.23757200264958,0.07261602124295284,0.20691507344882829,190.38492813228817,5.994653958947788,1009.4613180616295,23.98439376150705,1014.5854914124619,0.09452521386813399,0
78.1988264599285,2.535608832992329,0.914212413545902,0.8808716875014964,10.171727055547066,5.122908780442044,190.23635273920516,1.2265685511071323,196.94447151095451,0.022555004574735436,1
26.456945891000867,13.67186320408499,0.7891031020065953,0.7893962127031902,135.05373034268365,1.0458644613460388,353.0003631517321,2.0615432537718634,0.0,0.002639433135718534,0
59.33760801538588,2.407736391927094,0.9778051295168212,0.8618393308702316,14.636702633027177,3.096134270053666,136.28232103184914,1.222448690578974,146.9226376969583,0.029398086304474068,1
36.18523550176575,1.2097658450638802,0.962275932174103,0.9629280788462032,5.453968162533645,4.021913287447799,53.94038871313103,1.096197523713022,60.8873588278414,0.0,1
51.2387909972451,18.59921814478884,0.7514630509694907,0.743827194644036,186.1964698235778,0.9599034240049469,931.2012074181802,1.2116005363375206,2.7199609433018055,0.011634868933529679,0
20.86947911837697,11.51014253768819,0.9547188424859236,0.785909311241943,110.6529053263854,2.0578429990380545,225.00608276645102,0.0,215.46195789173012,0.0037270744685311686,1
127.64119652065887,0.11437654001561129,0.11890042176126926,0.025064218764565632,0.0,1.0739880682489589,0.0,2.0545239945608933,0.0,0.7845637410839866,0
36.87720199764458,17.73770035779005,0.9657724079541476,0.7133142108452031,570.8965895307823,6.182121164595621,652.2239703948061,2.1248694371047017,660.2098418172558,0.02245017704503827,1
47.13718582026033,2.1141192098047115,1.0026218436881091,0.8629061598292594,4.19759410725351,3.8869802499664883,78.36618930666926,1.814370571969656,98.58635784272718,3.423012398509444e-05,1
291.68269178592146,0.08825526439037282,0.17109795906556152,0.21972883998954126,4.586464000828071,0.9427049810445151,0.0,4.104094332411599,0.0,1.44052554032639,0
74.85846156395615,0.21033651341930165,0.29119685910448384,0.112640071951905,1.903758554162171,1.0084286668233646,2.408344753426747,10.133698945428923,12.257031884032221,0.0,0
43.089914145416714,13.49886905601311,0.9850121273991903,0.8756191128605709,398.7861874729892,5.108566836842021,584.7035450950995,2.028271939109364,595.9450135683808,0.020794050136111762,1
23.21265829306609,0.41568220641326076,0.8564190311167821,0.8486895563962061,9.604396238251155,3.876301217445743,0.0,0.05822341487498431,13.674177308167689,0.03458222274455981,1
28.769492432158785,12.213260484417374,0.01580232323515702,0.8766536960477256,123.88803966079658,1.9795203094988931,352.7035846579472,3.995522824407418,349.3440089325477,0.18765841633308677,0
16.418351920075455,25.759597340671704,0.0940338419260709,0.006464780773371007,254.80305113385668,10.046926042641667,432.67675720528365,23.0525593230919,409.0622278478644,0.0036638681380595298,0
18.857242489548764,17.74656963821156,0.08233283932894593,0.935650183359115,181.1307110003216,0.9931998301438566,377.21256942391943,2.9222282260305046,375.9686468186492,0.3699320680065822,0
10.05256786881747,16.794225506022407,0.06682197789144394,0.697453109651221,169.7805112343148,1.2264043418275425,170.02633382049225,5.208357897116958,161.37492451489643,0.4843557273832539,0
80.405632056716,1.3902019549417455,0.8813773813513438,0.8061604426875492,0.0,5.039097830047978,107.60289951133703,0.9718764908484657,101.21587162725007,0.01664723229558311,1
19.451675872592432,26.854403071857142,0.035612049343023276,0.12107080759585466,271.89058436480406,14.048494051079363,555.9869865870219,19.874173153239507,574.1687272742731,0.03861924249773306,0
154.58373585853388,0.4304331186398896,0.06515236497517328,0.035354435599902645,0.0,1.055151100716116,0.0,4.115744377353905,17.703854180739864,0.9548124489228753,0
242.07827497457802,0.3795023576186404,0.0493354670950077,0.001975203036603036,1.2323777436009444,0.9482332348010978,16.064735922177626,2.9895124314223236,0.0,0.9651185847821199,0
107.19919784045892,2.36571181562752,0.8636055137960026,0.7536699947965593,4.549710828662128,6.0548223627035584,275.29637817521177,0.05909612579591797,279.4212145408714,0.012935877096337563,1
3.0830025514848365,40.805327906752346,0.8561668163681072,0.9378987420009053,411.07110344672674,6.063674685742025,159.3657638268903,1.1024606601486424,153.40383051658847,0.021142109923555558,1
27.371522215434535,22.440951837321332,0.8518309769576099,0.8843828961021832,515.8953240355321,5.027433022569962,575.6574752611026,1.115921683211926,590.4710287998339,0.011909400498813769,1
55.19634582837751,10.042962005736964,0.9831214604031185,0.7081642652806494,289.6907315727231,5.019893908146403,570.6966750254009,0.9399533027336974,559.9316295882412,0.020884049531278634,1
25.891182216497402,18.868819616732953,0.7298621241377542,0.9116882638637559,188.10582166296652,1.005220287957318,462.54095228920943,0.16379351295900438,0.0,0.011469565067164851,0
46.37001640451657,0.7632929512642793,0.8853937387777916,0.6740141877586215,6.67756639519053,6.008805099560257,19.588996574970047,1.130140411919585,25.7992234246745,0.0021115599871975492,1
47.38779386898961,14.081666194920649,0.7834503511841767,0.5958698513120694,135.7141469535591,0.9919804786763485,647.00788807183,0.0,0.0,0.004144258485332799,0
11.485384544345422,24.369861217279936,0.9937005651863569,0.8186390144202885,239.4270714127554,6.107826628151229,236.95213237653914,2.070682544318212,231.3118018940453,0.0,1
118.05104656775963,1.0764934707624634,0.906306450294608,0.8241523694631643,8.52771262883005,5.048282603518331,107.3452472023326,0.8373335249504146,118.52416948417527,0.035425737056054965,1
48.048489151424235,0.8021917575089806,0.8893870877119954,0.7480336403772461,15.391476512044164,4.0674936198788085,19.621490930236554,2.138772722006071,24.827552505979217,0.0,1
14.958464757116094,8.33366531525753,0.9056504967258884,0.7621555708624509,85.46491942115135,1.041640577220933,128.6431691586317,1.8998352968550198,15.087873928681685,0.0,0
18.41344836440807,14.769228763985994,0.03414605059562734,0.8778500801194409,153.19375877847713,2.001496435106206,294.9341923327938,2.798009164183981,292.48285772415693,0.1031594368496808,0
22.63738752307821,9.449732553773561,0.9350391628531739,0.8295618681050834,92.78824096476093,1.9884588059766182,197.5257512759267,0.0,212.70513765825476,0.0,1
48.19671072705189,37.36552027289595,0.037928361961250476,0.20152751086394272,376.78546424312805,15.067398852219874,1805.028186906745,18.21907209610272,1810.4757408698374,0.0,0
43.56165212893967,12.300491523408137,0.8737059469809085,0.699095192868179,335.2519925918769,5.996427665768913,501.03547281355253,0.049901718266197485,499.54860821892044,0.0,1
112.12257943760812,0.33008519274078824,0.08081545320459864,0.24604361976352915,0.0,0.9866030171738652,3.471310269989312,14.848981854059485,21.166387985177046,0.0,0
10.55414340381136,28.293469674243823,0.9314978182683292,0.9125273611021791,279.45254870616907,5.069813256793897,348.19878794315804,1.0654939807963921,350.90432485836095,0.03192742142921069,1
18.929116182050073,16.833350145567838,0.9355581244349611,0.7931802836972314,170.3739506883668,1.9557203949088926,319.98759070165437,0.0,320.9213064999913,0.0,1
48.43118691793309,0.8408787971491625,0.9650067704672535,0.7937567523259227,7.907334947677363,3.996419788520872,82.73103701344287,1.9425290821416004,81.16915258105108,0.026702422707698785,1
7.454276613103234,21.769828076931685,0.9900669335294495,0.8333765852479499,216.96874858527164,6.013289074435141,161.65218067088404,0.022005063812799527,164.95745779036938,0.0,1
20.219602172957263,11.903967992714218,0.8927854573930413,0.7906700354876447,438.39196184176825,5.952127348659006,263.3818273431941,0.03585495047171519,255.04654479259167,0.005914207896501863,1
18.12962295203634,13.354793169408582,0.02501539825348609,0.10357539294257521,130.00602252029634,12.038795594864753,284.59367792844955,19.296106807311567,279.0793808309815,0.006263907501367592,0
8.007249955665658,17.954287487248255,0.9696997717676997,0.9929694952282266,183.71799130388956,4.967060622976686,130.82636206092369,1.0651768757935978,139.01123286063626,0.0357022708458845,1
76.7658566393275,0.08445614861576906,0.20176177523855446,0.0,0.0,2.0202837777087606,0.5719467864570174,6.190651796116162,3.8675145093953525,0.010680270077012615,0
6.313953428279794,37.335885383505875,0.8725252580501704,0.7978713384705047,374.55410314376724,4.932727343337622,262.8748917636241,0.8438309780977521,261.65333955533004,0.02131765832068361,1
170.4758008181412,0.0,0.0445485669183121,0.014842011782044324,0.6560827346338965,0.8983327927086744,5.757510964961092,8.98891527312794,14.186155782895074,0.0,0
295.17220217383453,0.0,0.1740731943894803,0.07856522097160987,2.7340165734187782,0.9741075295592119,8.61613312891254,2.9445776379780235,7.168592759788359,1.2816987147869305,0
80.52159587155488,0.5093535933112104,0.8808352255685095,0.7738954489096727,7.17204623619014,4.025236087711408,53.22882454503282,0.732538343052172,60.77121014634164,0.0,1
19.768290458419955,10.672217997435107,0.8429398663253569,0.8626848218662323,101.6896554331545,1.9958151567092606,237.45565366023865,0.0,229.51172396111414,0.0,1
135.60472332928322,0.0,0.09220249153981017,0.14870041871762413,0.9632168077988135,0.9899417855434282,1.6373176576311779,2.9510527618988633,5.786009308502886,0.8088387831899637,0
46.61678496274861,24.189574480233787,0.05999774097122744,0.13271823999881238,238.7904354102865,17.992325124943893,1125.3029917559468,17.049382289787026,1129.2081178392177,0.047189964839853354,0
28.180511243272807,22.814789853887618,0.04399369485488644,0.7976255610412679,225.756052149485,0.8115535895626398,640.2180342412358,7.151820652908133,629.1331878176755,0.2342107196826947,0
60.343004545637335,0.6978768606170744,0.8525632209627746,0.8645860395516969,9.297329325530956,3.9629181290565865,29.755657397423548,0.9585495820325317,32.736260393029504,0.024355492152342232,1
20.7990519312389,6.591587641401271,0.8613931611546994,0.8190296980869144,65.11002079062784,1.0270563671275879,126.79423812450466,0.08291855718795599,124.92661689579147,0.031175152224386778,1
103.18505257403129,0.1453651516972685,0.0659155553215835,0.1347841699018084,2.2863660411866356,0.9379936553323283,12.355986790390492,0.7632993958571754,9.101488420627309,0.7132877506380123,0
108.7335737133402,0.8038994427224945,0.9382287355620283,0.8070686342403033,4.5423429957742965,5.04822481328319,58.84431726397014,0.00935377480471988,57.89502055255356,0.00578119425125078,1
131.22643959991692,0.13039695136561974,0.054453746481780474,0.0,0.0,0.9103407648666489,7.891322201268829,3.08979608912286,5.817152573441839,1.4589560834853568,0
5.2064829139655835,27.392069161312673,0.953226155718806,0.8787202720966516,275.91051539080746,5.925935904665689,98.49246275571171,0.0,110.45382160667847,0.04846980304925522,1
10.887345115452495,47.780946624079384,0.8992500161195504,0.9333380598187564,473.0971801858411,5.966964272611276,460.9631004298579,0.018087272308021974,481.0876892958017,0.0,1
2.882005688794041,42.67540222606473,0.9883479085638471,0.8036688143127088,431.1022754415567,4.889624172936457,118.0232128764506,1.9663575731214744,130.71385761086674,0.03316517039210776,1
49.83025186112203,15.29966668324171,0.980176856442414,0.8139812500354322,383.1538336655187,5.0102922322129935,773.8576874816491,2.1615569011058824,764.3965447068183,0.016794612566019558,1
108.28634040975984,0.07953004224448443,0.11845963167172407,0.13011234031248822,0.0,0.974861250592245,6.552537365233185,0.9316116135280937,7.908436349108221,0.554688024310817,0
37.771716839967134,9.103001382858249,0.9468566940293632,0.7596611983063136,295.7325327340681,4.05141743944839,328.2357230528804,1.8545577032441414,319.7740383306234,0.006709233762613322,1
13.01639434275369,18.67183037387552,0.07677401072032013,0.7329615414460598,182.92852383303423,2.0048230606012716,247.077566691739,8.916196901658624,235.82528848008943,0.29275106189856376,0
153.63532449428305,0.0,0.07045974140038638,0.07530677695343721,1.4520483518359972,1.9592052397034285,0.0,18.876303842792094,14.841409024470083,0.0,0
41.20441779493132,9.213645235734967,0.8574173918684815,0.7633304847485199,330.7605451585535,5.987941209294973,374.26641970148415,2.152849282783953,387.2106493745808,0.0234363985882221,1
3.3581758399017954,30.324331415983497,0.9346167151125233,0.9125833484116841,298.919916251728,6.022311098851426,74.32110419733786,2.0141482537581794,58.24549450700797,0.02550450488105572,1
9.66983212146961,19.64560388869428,0.012312249026449933,0.16157021690011814,194.49846709351905,8.937780686737876,128.28545830189046,6.024636097679086,119.60597032221247,0.0,0
44.91161890985919,1.1023421657056636,0.9886749981489833,0.8579268513684446,16.30263881205348,4.058185323952447,74.15866761110844,1.8321369059086487,76.28043271140713,0.007204251583992386,1
60.55302543884634,17.991625487689625,0.8443173953589757,0.7516847405350204,485.15462209807015,5.101732976844947,1069.750769964904,0.7921944738883497,1080.1024247457121,0.039566220942252074,1
102.88941896198651,0.05179076347226938,0.29374118854925546,0.2909566305616423,0.4954459745732668,1.0057189959417974,15.502861572918833,5.953116380441382,6.9904986318324065,0.024763446022716535,0
6.324292732325338,19.511240582331077,0.8644757640719434,0.9699643794830852,191.05270744859385,1.9686944866360783,162.9550201373853,1.0396940987235916,171.38963629015137,0.01559725341323434,1
215.0363031701849,0.0,0.12462026700360536,0.028798327740872147,0.0,1.0550064123416854,9.717015474072937,2.0958737931794005,13.612964142758022,1.01452272744883,0
20.80759833197882,15.558249345507395,0.04864710085460836,0.788817735012467,157.2701158028185,0.8525937059929927,317.50724994157866,8.796624155999343,331.8783070530026,0.41954088680351653,0
25.21892128392535,35.49857373448493,0.02085059992071257,0.005998489127233398,350.3684188412361,12.989161845001124,906.6139027004162,29.00132626821138,907.0020408194939,0.0,0
143.00619753710419,0.11622673636519823,0.0,0.21892816493447642,0.0,2.0230514888036044,13.626817080228037,6.953955775639892,3.157884372770673,0.011424580984383852,0
11.016132640118752,6.297677621228456,0.8564112748485925,0.9574765529450456,60.02855573549676,0.9564495022391907,73.2894038760521,1.1219588167924164,72.96089866352303,0.03935639666176286,1
23.23917230179331,6.279376991951986,0.9418341853126141,0.9188118807106712,63.20910986498934,2.0820809235719104,145.21407126702297,0.0,143.26307499369972,0.01623632345191408,1
34.95237331935386,26.43182822850423,0.08055828794866723,0.008778822336300124,260.8525580045593,8.072911259268496,948.296085839336,24.063718135939723,958.3106468275461,0.07617360142287533,0
65.49641474401439,0.0,0.07241338539638002,0.07796405612706965,0.0,1.0863020028333181,8.430948589444803,8.201323641525939,14.43466775601808,0.0,0
10.091422422911629,33.39010710902594,0.876994209477715,0.9179419380781761,332.47494128863036,5.006073090450104,301.82855418400857,2.177196311730379,289.2522374522985,0.006533967673203474,1
126.82010983802576,0.0,0.19748425604107941,0.19254355254758984,0.0,2.0174296564014305,0.0,17.13867205256649,22.857593320974082,0.012476874863180137,0
14.253517802863904,46.20374136052111,0.880756674000199,0.8641725298887001,464.507104715413,5.943018523718535,664.9133742665459,1.9848247964614485,666.7074005140815,0.020254243190164563,1
282.0022328648149,0.02787703736368732,0.05286575313702992,0.0,0.0,1.0018223494876466,11.687843105629762,1.080653845922037,6.398338079024853,1.0761720599108946,0
9.385497326494663,24.145422700616262,0.018578959454580775,0.0,235.91820297396703,10.93306006056698,252.35316918016326,12.117967053436132,256.44507059346097,0.06274249203883063,0
23.681500582548924,7.70663875517036,0.8454525124959039,0.8917448095008242,80.20966147248515,1.0609605871859897,168.29036618104126,0.0,169.4249654633003,0.0,1
19.853717591445722,21.020061584143598,0.13059933883638927,0.7397768811430757,209.34936911867672,2.0887184853609435,387.83847409956695,1.9376187894657153,397.80727134344755,0.4235216156419003,0
36.32622400106997,2.201130228696697,0.9422180561852479,0.920623712539844,3.6634703190583164,6.07038857257424,74.36029169360296,0.9638486185922754,78.05242419514529,0.007038426411888983,1
13.316335417674567,15.240216406298323,0.971004846272352,0.8807999651376024,153.19146268907792,2.025014598258218,229.64116032468596,0.16704213709664917,217.61888439887355,0.0,1
46.52129381835077,17.520787411592558,0.8856010492958911,0.804315166068554,454.8588227918098,4.071056818712687,820.9897003276518,1.9536668831172803,822.6831397088143,0.018750793009832217,1
32.11229143582493,12.656717253798355,0.7166397085396021,0.552871227631775,128.43195219249898,1.024723446661702,422.38504644160406,0.0,0.0,0.0052003402374220555,0
27.971463554877307,12.40162770662543,0.9298408786635011,0.86996643038878,472.9975344310495,4.933484909503896,325.59594517124805,0.9757676877166424,341.93688096779783,0.02433892308281385,1
39.678900654669356,7.704273464379407,0.9545964804483865,0.5886763313725072,71.33817980748621,0.9706813281233173,298.2894828606688,0.9394831249175927,16.054476933977405,0.0,0
31.319737713502434,1.3261427540508661,0.9390424176941642,0.7609145495247206,14.05222507430864,6.064198490760929,42.360695023854205,1.9171337841981506,40.240125658777906,0.02295752311481822,1
105.36180913143336,0.19983985352363676,0.2699710154193333,0.0,0.6919209364262134,1.035276016066287,0.21850690194322242,14.180511263218795,19.21130923393505,0.004100982013989652,0
13.111940694403987,14.264131031896401,0.9706760852649118,0.7763657163648989,141.51062032375253,0.9952254384913095,180.29115009612622,0.062073256413471,4.034967184099227,0.0,0
13.620339187818473,11.707023551433739,0.9273991328664903,0.794175681961739,119.61174960910164,1.930782437265121,141.9875200857587,0.04713922461614332,139.01599840797266,0.0,1
28.46435694242246,13.398178490329364,0.9599751265052976,0.8395076646967399,499.59935788778057,4.0811156452867,391.5016295833208,0.04533173325847083,394.6198173283605,0.03257471028832603,1
25.076811382657677,17.130443086015912,0.9573245057239289,0.950989496956924,173.43919531177784,1.9000292642757837,430.09048174067624,0.0,421.26999755565294,0.015015066451042393,1
22.9949211267155,9.64961882748695,0.9752320370503741,0.9641135584536532,99.98221809613189,1.9602181050977074,230.6488881143537,0.055330533907805506,208.8778772352208,0.020622981078663283,1
42.91865146569862,1.2167966310862317,0.9533254338910908,0.8391830379822169,6.360003786125139,2.972735001039715,56.83405959532297,0.0024796815926154112,41.29836101128918,0.03545858537510209,1
67.05733057207846,0.0,0.11659941623032007,0.0,4.6411193882394475,1.9927430708044698,0.0,14.996437102476534,26.275928281755807,0.010423342785301139,0
3.524614890304206,32.29106850863521,0.8626587055424639,0.8504970789012726,320.5876784415666,5.998172543773584,87.73923786998628,0.0,83.83770639371247,0.03561366009795006,1
57.797738406267825,36.60771598455436,0.09192190899152566,0.016397968274113574,364.3436196662503,10.88857230241948,2156.0470175273804,11.113719413806377,2156.3773727100815,0.04774037181748919,0
1.957058820958133,21.592237956095126,0.9588584821710452,0.942913975433466,221.05078734169862,6.059596677849956,78.90343425112117,2.008237071253667,92.76038314918567,0.03452994579210722,1
11.812802019759678,43.03899992064584,0.9396599899740298,0.9717869282198225,426.8229486675266,4.971288438415868,520.7678017459863,0.0,518.1912592157726,0.020463289171299772,1
13.163949172607007,18.009715591882838,0.9305990840600247,0.9686594327674098,184.01976296344375,1.1121290001579314,214.8295857420258,0.17697759863046855,210.98176175038043,0.013542881484976413,1
104.31843014955903,1.6409593377713538,0.8402885826532549,0.9058774187226574,10.518663758913247,5.990174807789741,187.74558519627212,0.050992259500503324,187.08066664045157,0.0,1
11.400622972598578,8.88571918856042,0.7574447800232452,0.6185413083669724,91.50935142949749,0.919986231943689,115.15159410701129,0.12175399098357635,8.778189755662767,0.018759019280575072,0
58.057223247347885,22.426580135425052,0.030253988388713432,0.27724838281563624,223.67050564649003,8.1146968504848,1321.921010768583,23.008184145052432,1322.7645860884832,0.06200143980608995,0
149.1829171189749,0.0,0.18388704166054928,0.3932809725754499,0.0,1.1066447022715726,4.573232305601782,0.968807953526943,9.940112551095885,1.1493615583385222,0
35.5158900020137,29.32641514309357,0.08618071188269401,0.30480457144887746,295.8099862099255,13.97061176499211,967.8628058040377,27.011474682861092,951.3990443249568,0.08912977984900734,0
56.738815463849896,20.2598133911521,0.050414556098685906,0.011779164842928506,204.6863242271304,6.856618687690389,1144.3001202080363,8.904520344916431,1149.288361407914,0.0,0
116.33659847692715,0.3026652875858515,0.16104250103282916,0.0,1.6288902309632902,1.9623045368418028,0.0,9.191521621627075,21.342524908836744,0.015155745398624135,0
25.483438004438376,8.493332486547423,0.9019509611588,0.8330174719546818,288.52808144038397,4.000053560133619,227.29091178987827,0.0,208.9103151766076,0.003773600501018358,1
33.892855945813636,16.48082012825452,0.920750900021729,0.8968083144379407,166.1286508977577,0.9472921024657779,562.076544811334,2.1464590539527943,0.0,0.0,0
13.476246757032122,18.02892475900558,1.012154054272799,0.953001965144254,181.91502156979593,4.910943980390277,254.38856816239294,0.8869510841096533,249.88482828396943,0.0012431758868713463,1
57.52629457323681,22.203467320759234,0.08898223849635226,0.17405884702274374,221.63576059635577,6.956300729462637,1264.6312190672254,9.001925977886659,1257.3920375943262,0.06850517535211234,0
4.983638811544126,15.223297334568786,0.8636100615575647,0.8420514749992214,154.41443568029777,0.9433917553224831,95.64226121548685,0.0,101.24680269477828,0.0,1
3.5553748489728454,18.698044674310196,0.8736688907580743,0.8481859823694522,186.91843876173047,5.041833841256956,54.061142418571876,0.005792388080114841,44.56638871371636,0.010328249484108204,1
49.5958751259579,23.730451634166794,0.014868031267313427,0.007500170886996793,234.466723684263,12.055933264532998,1168.0374906068068,17.306183649705492,1166.2742947018312,0.014914213561647797,0
36.8637326855763,31.890443087865464,0.0037516448468464863,0.10245248113162919,315.9490092543048,11.986376830556955,1228.8300188495266,28.039477423179484,1221.1193305137062,0.01319285283435128,0
47.91062403440172,12.764121229566554,0.9334900188842598,0.7675125311863878,389.85371375877327,4.0488846649650485,643.9883595522708,0.877145595007716,635.7257705755786,0.0,1
7.753763223841748,31.828100812974167,0.9077732510558815,0.8349196154653931,323.5061703640726,5.029620214655594,181.9166920754938,1.1299205578339528,194.4589772992246,0.030287968005472492,1
12.67001121125748,17.12974117355879,0.9754977124471609,0.8596778975607882,163.34032009589492,1.9117891255301067,208.66751317737132,1.1436707876780532,207.653719282214,0.008243332252547815,1
85.91439446583614,2.292701852530276,0.9480188153381508,0.7518672152183553,9.09049905047265,4.86521321946506,186.93073155509768,0.8826612018774367,182.5204304125411,0.0,1
82.45591767218532,3.4173824307133183,0.8811413252166055,0.7932449369473648,2.4240036824793267,5.019814192175069,249.0618390590324,1.013285491028247,250.92019001538458,0.029758367479193987,1
21.821981862769764,16.779476924257988,0.1354752548285295,0.7473901149702368,159.26099971825568,2.075904458302716,382.3806561269748,4.060939282355579,371.48295145646875,0.25967751105280323,0
33.09798775444601,39.56045404187308,0.006421042038822081,0.060047162642592536,401.7449562651895,18.00891411760013,1235.7889798931694,11.92739568170915,1227.0322113181624,0.06958817225644592,0
42.57987921585324,1.2439474457003545,0.9724265171379556,0.864464229894932,15.499607809255874,3.1953503463736297,71.27851823402465,1.8404099737240485,70.19094247494634,0.021730943786840595,1
13.780145919357407,11.529292747647181,0.09499498745057464,0.8977529072611841,115.55698135289548,0.9288726262899487,151.53403025257705,6.885796788839808,154.22724276158144,0.14232708354200704,0
30.062831809568156,2.285613601792573,0.9581021169199355,0.8577822440348642,13.163220680455714,4.884154431394532,77.13023000895939,0.1084981965453559,73.27569974844515,0.009761407307681522,1
130.60038686670936,0.0,0.1653789925732059,0.10123334651233187,3.690298140616515,1.0138764193176888,13.349388339121944,1.0873579675113578,10.604657330210784,1.2306089835508758,0
230.73176887372856,0.1335202280749802,0.11121268000108925,0.0824355142541011,2.1872982478735072,1.0722291660357701,4.687072672843356,1.9707348780897198,6.248722207460753,1.383871336104619,0
19.63912034993529,12.868273616596264,0.09400248273638749,0.8931440759414473,128.61450096639402,0.9159553791992519,261.92261616126945,6.073266830747079,252.46523304688654,0.19520574597754492,0
123.3955222304808,0.3670888147921359,0.022943957582426008,0.022507860040271978,6.321887694491988,0.994544687540172,0.26376589405646733,0.9597164722168458,11.759112566165513,1.0559264339766607,0
35.40335397339007,21.442180144409555,0.9305748056552415,0.8167675079853008,553.022467202851,6.061939082761172,762.3598074481491,2.0140199442937012,759.8233074376215,0.010696319098838815,1
169.67099978185644,0.3742533604702793,0.15023098791012582,0.24199445691541654,0.3019543988619675,1.8981754526519503,0.9127647260916842,9.045656242902833,22.84938868689747,0.007008531533852441,0
96.02277297680327,1.9658614027907368,0.9665806435986404,0.9651553755349968,5.105910333410213,5.055664711970499,168.89256714375827,1.1160317456462818,173.59930515017052,0.03544113623283878,1
41.29156982288253,12.437871629505274,0.9863821765105052,0.8333449660208617,457.2524298920913,6.032469406634655,500.40001304080903,0.921808333364152,489.8567414197896,0.02238533757873365,1
14.67920350251972,1.7859930064487475,0.9131808624210819,0.7486005294396508,10.544749861645046,4.1128394098148195,8.737724395829458,1.962323232059495,24.80525234533546,0.005880739143828497,1
284.55878616205575,0.0,0.010159083251960065,0.10461553956363524,0.01659818861025908,1.0619420563397122,5.618122406463905,2.020592123703598,4.768472369192278,1.48792833059129,0
22.766536593115973,13.377593821951413,0.9309083216875533,0.7919754931671299,432.8271741546194,4.0424129538844795,322.0430898168909,0.9153768663664674,314.1802542291538,0.0,1
54.535813630137696,7.191378232732014,0.7568632112405234,0.6081496598860185,68.56144030188204,1.054386798179374,376.6546208461439,2.053235918675847,0.0,0.004053221716544152,0
5.736519600058474,11.331898876287106,0.9004028533557311,0.9112441430166459,116.89476341363566,2.1341991304425343,68.51266383735287,0.04394531472486201,86.51169887095593,0.00803186345474711,1
37.373491958766714,12.619672104688535,0.8290089368776964,0.8155975178080651,122.21286655631181,1.0095222584359407,451.85520444793895,0.11257131820430595,4.707744639541233,0.0,0
17.47246234795137,14.299316655429731,0.8711981161055445,0.7371566084035764,143.66939257240406,0.9708574938037474,220.17431830309945,0.025411559771291118,0.0,0.0,0
252.65829725236176,0.14247841085688917,0.16301706872546007,0.008515584645424595,1.7471752244331693,1.0636739227219012,4.314870433106113,2.0988584768133665,0.0,1.2552494668570249,0
21.974113111769604,23.037128202044922,0.05376499869260845,0.7859469240338046,225.87070057262716,1.9363702021704927,539.5601291944898,7.046932379900447,541.505152910003,0.4230544840291557,0
46.63296123100508,7.030174838628139,0.7428227893935678,0.8792777451624253,74.16709847062663,0.9661384510776504,332.6130048672101,0.0,8.818638587206678,0.0,0
69.06221926459757,2.071331185364835,0.9248888044668451,0.8730364915125531,11.365044257212002,4.070280120329089,180.36527142384963,0.9807742917003698,162.9643150938439,0.00297641281540031,1
20.245690607733895,37.34336902772244,0.008865800991227302,0.1688453070489648,370.06589374109495,17.00239759953045,729.412053309258,9.932290659467679,729.9022315462498,0.0,0
7.040575299351155,7.41749762804541,0.9969387616968426,0.9209322896798809,76.99580455264031,1.948250248114408,67.68096415959678,1.2755804861999935,52.34389766657813,0.018211732701907533,1
51.45584917564682,12.104437742713882,0.06301850504037973,0.027806793500257124,124.93146800264128,7.8454670053578495,647.2115372412512,21.922966397445865,651.0164058635955,0.08816579248515544,0
117.0224007434091,2.3788635101019335,0.9395335162584031,0.8195595090774378,2.548110608348714,4.062146495366053,263.2761040582464,0.7686340320931377,273.69859721470186,0.0,1
30.995413103851398,8.381374455692706,0.7893810454099754,0.5228566343956925,87.16096538863094,1.1113119777953175,252.1513581036659,0.8279326379030549,0.0,0.0,0
59.53526510212207,15.647057649883179,0.8137844614992971,0.8709970723470911,158.5350841592913,0.8370765624703378,930.3337669247495,0.006957345884669909,4.94067443039942,0.0,0
82.54547134193247,3.0879211158399897,0.8968598200178611,0.9448274990159539,7.62633019720447,6.004187874661869,212.6764612854118,1.0448237974058083,204.35302799097974,0.03571826877944514,1
161.86340286984873,0.2663086570447652,0.1772173008999844,0.00806316929699313,0.0,1.0942176876995626,3.6317607630205377,9.822793927275375,19.448237283993986,0.0032550292888494704,0
175.67562633800156,0.0,0.1902383116884639,0.005013397587718727,1.6965383591360688,0.8761666976709944,10.159953648075764,3.945751152395625,7.651146483555474,0.5383380533087854,0
4.292094041764849,31.30281386085014,0.9481002590705981,0.8573701773525119,311.9819489615402,5.124098143143416,92.31044629277982,0.18530053123967474,108.23286203072131,0.029620004259840134,1
75.62068179166158,0.09229156985742659,0.0553688389793758,0.09021271628900877,0.0,0.9871906938471424,9.983423964926885,6.951064356500591,17.3335696322509,0.006225971212984981,0
8.826384049692729,5.625143368477254,0.8579753803657059,0.921214291835606,55.79242348500977,1.9657461335220565,48.52565441339772,0.0,54.538512344965746,0.0016777833307995284,1
8.02608451053932,16.602119609034936,0.036823439524675636,0.1852622129176069,167.18475857625182,7.892748326160432,164.16822605060787,24.864603408129582,159.04874207688817,0.04333851190874782,0
94.20779921610385,0.18964610970960616,0.1717243398005206,0.10898521973938625,0.0,0.9918375847031495,6.205471610676932,4.695009516960944,20.896892213982145,0.0,0
49.24345429405231,13.073039936320608,0.9687994217665163,0.5874730684529256,130.47305902698537,0.9875359843278751,621.8204577784422,1.8894222750527991,3.9621080546345353,0.0,0
43.299957013241524,0.5259477508985837,0.8914515991388038,0.7118355839136264,8.683083944100575,6.0438460714406785,34.05265439296036,0.0,15.826632182176123,0.030904564048579077,1
55.185345686878,8.222767152646586,0.9317450306126115,0.8591480162085376,224.79618250143798,4.941450860504585,466.722922654395,0.9816605108547239,463.66710151360195,0.007237553389471189,1
69.32423898830817,0.0,0.025736546616037137,0.00629324667893035,0.0,0.9762902195447161,9.616354475215232,1.1671640769776257,14.786896712920367,0.5039877652114054,0
30.892767103796132,11.527501524266345,0.03430974368754671,0.7597810685522323,115.33104228278532,1.9591897554025093,336.64579648911115,9.12127326132055,324.3525608451546,0.49740431254989803,0
44.68285140414034,1.4078289434489772,0.9880409967024265,0.7810722471304822,8.870694147698297,5.107367829675431,80.70844992486872,0.0,86.84284880082305,0.010157156330044865,1
11.926299754261231,19.989932645884316,0.9659466455169269,0.7587859392349203,198.42587279532202,1.0198835452128003,201.19341515523726,0.0,191.95339303168697,0.025434522585326944,1
31.391874556833145,1.96666767685341,0.9624632943504693,0.9475457197781391,10.754635428376279,4.9088624358573645,50.595638427813675,0.8642544526018113,55.395026965509985,0.033354096240390346,1
22.377296547074465,7.4423201206096445,0.9304308948299032,0.8414349786098562,77.57919357226321,1.0442573321848216,170.74895006527126,0.9251356090324112,161.43362978670805,0.01934025237033609,1
12.2284896296521,49.427544503725734,0.993608287109959,0.8960655666632252,499.3131249785928,6.176153853853548,578.3108395891378,0.19984359224599568,588.4469799793854,0.03765944980625315,1
97.91482255112729,0.47131151751556144,0.15021579592848178,0.0038799762982988477,2.5386289141624108,1.1329942042771828,21.17935040999305,9.140153261026645,12.446324052235898,0.0,0
282.4625570509247,0.12286125369771948,0.0027758816363300408,0.00265984017656221,0.0,1.075805011141573,7.283635185036021,1.0959553742603871,3.9752582181157656,1.014243027783014,0
175.69243097361178,0.0,0.025323862245219098,0.01194873249742152,1.2653657483796386,2.1006631092512955,6.662011056331429,16.017782519065715,30.323107455754176,0.0,0
14.632616657031022,48.40190288575137,0.8452820258659841,0.9451488949311398,486.4961149962126,6.0787805125338865,675.1677670847258,2.0668825048230586,678.7405793733965,0.057138688777714296,1
29.17701649604085,38.61706454530737,0.04577091657451492,0.004890388243837484,382.7757720837728,7.988193089113231,1199.9322526701324,7.1486083160187075,1198.6912474586156,0.0,0
35.35043002216185,11.680391359743219,0.9801654799248836,0.556276536681053,116.39554141366652,0.9562999711010759,388.59230749244404,0.0,10.174458904327103,0.0075014713595240225,0
114.83475372678059,1.5001632625232724,0.8707213542382664,0.9612654095271863,4.524033565740691,5.020744316676917,183.4023160743566,0.7819969375872506,177.66909512791233,0.0018730907158047137,1
8.921267995424696,17.98858634508238,0.9842002409334638,0.9183552697812158,181.4568004491306,5.917474331227457,165.11371452007424,0.9826334031880817,155.9153155470823,0.025254690911445422,1
76.0611106579591,1.4566852316920793,0.9395750451151367,0.9509344738471998,2.9596655173668287,3.96841927402123,118.7961089111814,0.0,115.56018772041392,0.0,1
28.72247829379398,6.940501043362592,0.8604455824006039,0.8699652054310653,252.884569744782,5.045691856986394,217.77333106192208,0.04313001654680487,212.797356452023,0.014516225982469905,1
55.929413011751265,25.19604208328457,0.07458423949762412,0.24260993789099003,249.14006717048235,18.903598298928465,1364.7302274295491,9.847293735760513,1376.5709762935262,0.0022978677407889747,0
20.100832786007903,0.5327657290255552,0.939461443864514,0.8270906167306263,7.692110651778869,5.84592776757496,18.492173440887697,1.034567033689166,1.4845072399155228,0.015661597145062614,1
70.34157454476136,1.1491647999528534,0.8831221101224166,0.8001466119080564,2.350925694140737,3.993801089110066,91.91755305935685,1.0217892775331625,96.68598499259436,0.024750146269663983,1
49.23047842628542,0.0,0.1521409939892932,0.2479105008550377,0.0,0.9658379252878053,10.70823307882088,4.029878294960342,1.604935921737848,0.7418437712700865,0
51.81625150929161,10.402675848063792,0.8842843908391048,0.5521972782856779,105.58675582052706,0.9522499997845738,563.3239212630781,1.9232564226565632,13.056439501703371,0.002378162707138135,0
88.47240853809437,0.10832368501930142,0.09046930372207539,0.0,1.2047499373314916,0.9523631575875606,3.3114773029649456,9.87585018461467,18.940105170573467,0.005900549658873707,0
6.7586110737985585,28.56854505309427,0.8802482798861836,0.8528893260884889,279.3212546267065,5.941982045779464,152.01760107082168,1.0051660254026364,142.33232899363824,0.0182288845217272,1
36.24709667905758,2.4870446526377186,0.8697673324265647,0.7879966925949683,11.385010227567577,4.053610139046429,90.89863583000567,1.0532807535841273,95.81698913116804,0.029819698793137943,1
23.970565840388097,21.009461859880275,0.03847487923899949,0.9299331069843686,213.5365147701579,1.0874025430599041,511.1614683708285,8.894682974908159,516.2097171691091,0.14183853000192542,0
123.07819535721,0.0,0.02287484917586991,0.29328697874490867,1.3490892597374189,2.003310677546606,8.050025743462523,16.808956489263117,8.16294353729041,0.019008644304715442,0
89.18325722300806,2.9645506197093887,0.9220846660907781,0.8703319846385715,0.6996847830172235,3.985594244304254,273.2150776249382,0.0,271.69098116582376,0.01348146714083579,1
4.619125494292321,32.57023564606715,0.8562196906284663,0.8858414511863798,327.0783139917444,5.958023157979564,177.86573176186408,1.0696760234595897,179.38664693235603,0.05495762989252136,1
29.347843939203113,0.5832515295974985,0.9431503189598358,0.7013139120664289,10.303233498040097,3.963010460747995,26.87653327841343,1.8900560191762221,23.609252395887466,0.0,1
12.522905476310997,23.043851178933238,0.037683766776618714,0.041443715325298655,230.48878870379673,8.174139826337562,279.0049856630035,24.206299354957178,290.9476731398084,0.08850934243781901,0
173.27448290768456,0.06024546460913026,0.22253447978052207,0.07029095500867515,0.9252660919604792,2.002664386775365,0.9485161906798871,9.710805810999661,24.71323818566,0.013350051821690825,0
9.88055134842138,49.30472713749319,0.8825845935312248,0.8498489482059769,486.5075738053373,4.930923988079035,439.9009242434663,1.2482458212538232,448.0066829612538,0.014696538504575567,1
21.082853468063025,18.996761323577573,0.9224585050946761,0.7722020584638252,191.0845931266984,1.0293728886645903,433.2321521003128,0.1219312188252342,429.9278169551459,0.00821619658833964,1
48.22682285620338,20.336013788653638,0.8908557149902445,0.7381143599734975,547.8935384655499,4.939129901984854,994.7464598483517,0.08806556087432693,991.4235479914273,0.008104329986772959,1
166.7407470152555,0.05724167232394717,0.09007306436662234,0.010234497334711393,0.0,1.0019908759591079,1.1541558164525645,4.142772916478552,1.1218076597124194,0.6167705627061102,0
45.87000187908474,12.113584121741951,0.9987723746580504,0.7383526666887539,371.94298444979154,6.030087297692348,550.4050233152778,0.9084246199690976,541.3576510019797,0.016636428989637797,1
16.683564132061775,14.761258777546347,0.011567524880984139,0.9170098293357308,147.87537822483242,1.0566905702162783,269.0417663156387,6.9174425918952664,259.61675195156624,0.16376264691672363,0
23.34237821968373,15.104422443673496,0.04494419398628829,0.8732252852320807,153.40322191212334,1.9955196762678282,370.85000256313117,4.886419711927834,380.7064279701172,0.45586740996277797,0
50.22375640235024,2.666883171037685,0.8679577419919534,0.8034755192034484,2.659199170984421,4.023346521780397,131.15422699426634,0.15523216735471235,140.34244638519414,0.02143701234061167,1
53.01786239918311,10.030343564638493,0.8213039153738616,0.6148623968301452,88.56777415578556,1.0231494839652706,495.5128730149323,0.12880279396550345,0.0,0.00828405782838591,0
48.31171887544816,17.85893743404667,0.018603093848383948,0.0023449851649629846,175.50908053784582,17.018235044091668,878.7284187619614,13.04331606469545,864.3688201189999,0.04176299702201806,0
54.82380598297893,16.272381904319264,0.8892734842189508,0.875502984890821,430.9456473592107,6.064920789050417,880.4517964831525,1.9829817882884937,860.8930393157311,0.015344037918060804,1
53.70454055990016,22.262058743753233,0.9546569303435904,0.8679661711415794,520.9548282672607,4.969530673203721,1220.1243368908547,0.8743576782787114,1225.6278388074184,0.03580799919002785,1
33.079589464382614,2.111379682156126,0.9590440408136549,0.8630524840550577,6.035679496519872,4.051746156543042,30.711703392727006,0.0019241661670882856,43.217679736491455,0.042426370998645505,1
19.718170670315022,11.806309521877077,0.040955238670384864,0.6180439654346951,113.77698108697143,0.9794417668754636,209.0728393176817,9.124245911466328,211.68237042961613,0.22473933417497602,0
33.871364419678805,16.88318305260732,0.9406652808631693,0.7018805401468103,170.0845137757608,1.1322946475272808,613.8925446228968,0.0,9.6152131407988,0.0001970634565562502,0
56.10948353437531,2.8516924142692552,0.9695786212318173,0.7903049536729834,6.207145620160593,3.113620577610504,140.63597570019573,2.199908469052206,157.3061245154672,0.036216867466416315,1
14.340131245803885,10.705839015016895,0.050537790792167255,0.8412883661752604,100.6197057873838,1.9890296502207645,122.25400585532536,2.9134169146905147,130.82047892045276,0.31920561829622046,0
21.890406137241285,14.426046212139914,0.9729246227096034,0.8428425277348581,138.65311414602556,2.023818073590724,302.99094583607985,0.9488314655243344,295.30637804404773,0.008081846081757896,1
23.446447257538765,8.023328491618159,0.15848124165090674,0.7271218790451665,84.13844206006638,2.0000093314021763,189.5598927643296,9.059470281215908,193.5206510663236,0.2657613061168755,0
9.632036682871842,18.89318256557823,0.04813019217107426,0.9269077548321857,187.36336115485932,0.9028522791730926,158.87490009605597,7.130559058061497,177.75692912568806,0.2818279058499542,0
175.86675422578898,0.0,0.24935473143399264,0.003978802862596738,4.157614767186237,0.9957812045419767,0.0,18.147312769601974,19.41175766386314,0.0,0
152.83782886308944,0.2578959839040918,0.00569203543037597,0.0028592553422398,1.6190026364600425,2.0231772696946373,13.429364156182498,11.959469191750129,13.188078033009075,0.008801341181293902,0
5.491643403384226,32.75105723778042,0.969684898123876,0.8945811044681402,330.11662837996187,4.932494563330556,183.56194248957294,1.7848133122420615,189.53787186712748,0.023519019094445634,1
48.16499938753556,1.551031975858376,0.9116599318730824,0.8694475303346426,2.333936765972968,5.047691235044841,92.38990465505763,0.9760422969542294,83.9279008453128,0.018796898047137956,1
21.083489988256925,9.654637854422132,0.8226022422365203,0.49563603323642996,90.95040520895003,0.8963325627240976,197.7473333423176,1.8021634112899865,0.0,0.0,0
126.00956219745144,0.1606819647665711,0.0370394487511264,0.000105234301138195,0.0,0.9409443735822591,3.0808663662605014,2.992748864242487,3.052000234596095,1.2069450192281728,0
7.817134918046076,19.95157099547456,0.9099503490272745,0.9990965938866545,194.52748507797295,5.085034940372455,185.3812276637046,1.217955139234491,171.89692769511527,0.041604894562211885,1
15.05276218268338,6.8700134561745,0.7942981772745281,0.6761221188295209,74.04218001118338,0.9747102548962454,99.13682396414713,1.403704604045349,10.933614885678832,0.0,0
65.42547644614773,0.4062905329219163,0.8805157549509418,0.7902127962146269,5.070611528340771,6.1022747221743,45.6404235273696,0.9436823196948882,27.14672822610156,0.0008577480943453207,1
71.25084091519872,0.0,0.04159353612741336,0.11433536831117276,4.121918633632348,1.0050285572563264,6.364169570810657,3.1119157671960624,0.4640389887477272,0.6794250681342764,0
52.5285228513169,1.5563514801634932,0.8997941833294215,0.8521451087487947,3.4427207543822274,6.047684612578495,61.32809932687408,0.9299405179413048,76.52830642209565,0.01602192648184724,1
31.15902250674592,20.57031734220941,0.9054803265562945,0.8967881916746152,544.1940899337378,3.936353580349389,613.5631377777153,0.0,621.3745299275508,0.002877985851399047,1
10.843910889646553,9.593030200328792,0.8958111358027009,0.944032912441254,98.33851392112369,2.0257926551241496,118.52077637244102,1.103171103084292,106.00072505768671,0.0,1
23.53228111633552,16.038816400948658,0.02608992619205108,0.9148274228534906,160.01469063484828,0.9811665177936605,375.50246445252367,2.087356480434058,373.0076514684015,0.24694264487023826,0
34.00973123831454,0.5082509532616526,0.9880259000431014,0.7422860409724333,5.759895769510118,4.03512071702413,3.0679216786863606,1.0563729210062853,20.472228812628128,0.01559735685978762,1
49.56291344813578,20.428646834002922,0.06723832855407438,0.0,204.64728433120655,18.92137090172833,1025.5103188199323,27.12876433147527,1001.7546542175897,0.08569093157631406,0
177.60876983662914,0.05700891879582606,0.19596105187029236,0.20304416639334297,0.1719454900776991,1.9954268900987553,0.0,15.97757271668992,29.99557735738585,0.008028688651413434,0
4.460861825812073,30.936568027786066,0.8923514067650454,0.8845193527730503,309.1423730507305,5.088310603771527,80.51986443454462,1.7604360061008355,71.35777099781866,3.822916140407834e-05,1
6.405565363415434,16.452578914511996,1.0045515293666423,0.7784318847888814,160.00843416152674,1.0974456570176014,85.57078073027738,1.0725198340640145,95.65943914952527,0.027145197297140898,1
11.829771543294537,22.473502276521746,0.0360335298923794,0.7385916157073069,225.51822046481297,0.9833649883050226,261.32320463267894,3.042355670340714,263.8988441669854,0.3835184794905976,0
154.50129867625486,0.20909844502091457,0.22110078642402767,0.0006838243811954953,6.07574799186963,1.907757315432084,0.0,17.102125171306653,13.267925213040947,0.017454775400625018,0
10.356444026198213,14.5541574528161,0.07006840256339539,0.6415212404694858,141.93581094151912,0.9594749485646807,144.36804198033187,6.888491790541047,133.18252584500752,0.23807871486910964,0
14.233703936357955,6.699828963629237,0.8810463703661824,0.7766012495856172,56.90407803545704,1.8940944748665303,97.82675206663406,0.0,97.99506560101982,0.0065904839634703775,1
21.83688546459885,11.90438807540437,0.9511972696779245,0.8952913054444076,422.29030507030456,6.09499355726021,268.12726365032734,0.2173334442380354,260.12352134123154,0.022110714274745265,1
53.43279789887089,2.132591525913693,0.9687672023609181,0.9213437242320051,0.0,4.856538187589101,104.8327099196024,0.0,96.80651277479714,0.03056166813215327,1
1.6913352796973238,19.125741607607935,0.9750778335329109,0.9948936397102001,187.3234459524533,4.922413866944483,59.03073048327766,1.0057209314418616,60.076042310525004,0.024578899026156183,1
14.417387162196611,21.249365015668303,0.13543502650760156,0.6472807082404622,215.78284346393062,2.061110827644333,286.98159300322163,1.8741579169652784,285.38782781499793,0.25788076314468483,0
3.9489904612897004,42.69652292906695,0.9470655596395127,0.9913335572329265,424.8539676572309,6.039777763597229,242.23048060867617,0.0,247.10644681372008,0.016961552535404663,1
49.47947359273487,0.6331632421079985,0.8584090780281608,0.9175094438735419,12.74432377012816,6.102143893445155,71.4676230249578,2.098109553382938,54.987840982882354,0.008563622707043961,1
153.35185643502092,0.2963981107366564,0.075037944137256,0.0,0.3988254256497432,1.0174211440382395,2.8492588866763766,10.942282501436337,27.62590765336717,0.0,0
11.947402529538032,0.04772704138115247,0.9688902922976311,0.8565784438614625,10.633090717764635,4.943707890140706,3.665147163020908,0.13378664955393166,0.0,0.0,1
76.70488445960652,1.4264487878479104,0.9315957482947184,0.7989318188703152,10.45647398265177,4.047010342848405,120.07762322086214,1.0137397985240908,108.13143753066461,0.03356165332191581,1
43.08744294903315,14.52032581419264,0.8773046361836266,0.9488205075905051,392.50730142692066,3.9633813686489447,628.6798610642975,1.866388748525766,625.1326298797542,0.021245830874090797,1
26.641952254735795,15.57673943824704,1.0005812276428927,0.6189657069888023,152.9470278684268,0.8828680153366298,434.82641730578024,0.0,0.0,0.0,0
17.123280180192474,11.661249822819503,0.7172390263627173,0.8094725422626093,116.63663826817212,1.0245034831865907,197.07264825018345,1.0686271467507094,2.7459292940950286,0.0,0
8.196162727898708,20.304682318674903,0.07231763577824839,0.0,205.62416979804058,9.950449305012778,164.72142918542835,27.9264521285178,167.72172556251414,0.0,0
23.527604835445683,10.856097022454376,0.8567759713351313,0.7576710722738725,112.64872087287065,1.0775530583610053,255.6718224141288,0.00992677820657423,262.12673541546724,0.0,1
54.372146608796385,0.0,0.02904597690285865,0.2933610065824747,0.9877995593525297,0.9328779922876681,0.9518752581362866,1.199491465721147,6.974998992791421,1.1609083366825008,0
26.00844325750994,10.6540578644751,0.03378652854266059,0.8894656008010773,112.78834431492695,1.9302837720787975,331.83725765089883,2.9613580025207606,320.79521058679273,0.28637028323364666,0
15.31039235897646,41.12388436278593,0.8855558571677052,0.9766979790246688,407.2763835052716,5.0922251107803485,576.4767592549987,2.0649753084969027,579.6226052501996,0.01183871730464461,1
19.960299302624215,8.094871443502877,0.15019895642976036,0.6871950871196503,79.66214825944753,0.9628321372293053,172.53381010805103,5.160895483920764,160.4983135003295,0.14240439104078562,0
12.621434151543143,23.50493944028866,0.1313090730092469,0.8971796028441814,237.91364023395226,2.0809370966537633,249.27277482163797,7.167098512300539,259.2798059409273,0.40640903000281314,0
61.05835622180122,1.9580724000721337,0.8755269352866196,0.7788969868609612,6.069134586957929,5.904013728249801,121.49536247264122,0.06458141528380322,148.6212523496156,0.0007696719173253203,1
14.756157399107524,19.680955048857186,0.9473727961809119,0.9190167163597852,197.4530712438493,2.0220190728580647,332.1297177937921,1.1882813518139776,329.9578051971216,0.0,1
19.11187801672359,14.539454159297664,0.8802930838597571,0.8263479982446782,147.015334035071,1.958726502776101,269.1590788863815,1.1068393451449858,287.33524671120483,0.0053251048166452096,1
163.80483736278921,0.3027087218037821,0.09481995264797646,0.0019112977550893356,1.9400786186903016,2.287310081699733,4.118327235719647,4.958947038281858,10.621934468872741,0.0057701630972544415,0
74.67394133386355,0.0,0.16076359063482998,0.0,0.6041811603352627,2.0886252372174385,10.083638973912567,14.920031892102218,0.8454753964684265,0.01339485165208536,0
53.975444542188676,38.19180562168143,0.03370770258139244,0.10765681247578264,379.4497426139104,16.920731870550334,1993.1663404020348,12.12157333541317,1985.3764856290077,0.010889391093261945,0
157.52415754854698,0.0,0.1811080368052348,0.0175121504144877,2.0990347054575733,0.9454643504331413,10.296649823286867,5.006399149813915,7.877809256932942,0.0,0
59.32784500529386,15.257280191224085,0.9510380040276318,0.8197082888670095,367.9976786832786,6.041338280278662,894.7228829949037,1.0792865723324276,912.1756139837086,0.026521472931328643,1
14.04354312350571,32.76716223836993,0.8787540729801242,0.8253288732315998,321.89547983087004,6.104590298537682,430.4894104395421,0.09610984139935727,435.25141730296525,0.014011039588851705,1
15.827287608341722,19.52385363248501,0.9102137033088475,0.8065950302245025,192.07003435041253,0.9652643510444614,317.45070706514485,0.9868901907495217,290.81815437129876,0.040929507777451545,1
31.143026746830923,1.7550463032324486,0.9282009159508452,0.8514439141773905,1.4757016911000704,4.047177189257318,43.14740520002947,0.9910858753592808,54.539460817428456,0.0038537139323164982,1
40.708399228020305,0.10406089758714301,0.8570108516912966,0.8732947828015348,11.081071131995834,6.012053123376733,3.3735920436286424,0.9143699606172682,25.704582305489623,0.039094638976672855,1
11.586556023252442,10.843905612317325,0.7297870785675433,0.7650397608363165,103.69765690008437,1.0075219545941136,125.92794795969581,1.9996206341796627,4.684564166957841,0.007001740552942806,0
56.633917338186954,1.0778329728945384,0.8611754414106033,0.6882727523799805,7.830001861279946,4.831781298760171,46.198666646659966,1.1046608829357534,51.665487336710825,0.024673775498188135,1
24.623975760973163,10.878593602546346,0.0635169724670847,0.7915554260299874,110.17911945139812,2.041661152357268,271.5717431034677,6.9977745294811236,290.02121251263117,0.36320580574853967,0
88.49972507509078,2.1000869556746578,0.9421791405767022,0.9327384324277445,8.700704796974456,5.008483623146508,207.77789558732323,1.0563490526314887,189.7170526573006,0.0,1
15.105467336185939,19.778835787785862,0.8903761918689695,0.5329252121270938,200.82851915985995,0.9429012473237826,304.9967330550339,0.0,0.0,0.0010678753309502978,0
26.717384385654864,23.14346232403302,0.11771805978679038,0.7821467017135683,225.3274550226032,0.9275744862868412,661.5765344654814,5.998063687167644,668.1086725429342,0.3185650869021265,0
159.7536894982589,0.0,0.16565799594805425,0.08121336552392074,0.9775056326212431,2.0197056042688883,27.321279559295576,8.020451446787835,18.31575625231822,0.0,0
42.88663162158005,3.014703320374433,0.8598428632877505,0.9539979832817893,2.0636755366835136,4.106027632994681,115.27311593851194,0.26799741556780576,124.96586402920371,0.018567134671798963,1
29.447401150786195,25.2570122914345,0.07153802162707533,0.6320433919294061,248.9004119013125,1.9554686484239243,745.0959844376412,8.949206484729311,737.5756642495206,0.22077130240010384,0
46.302779100800734,11.00859467481579,0.9842803149367424,0.7356543637431885,433.1335215693823,6.083087962184569,551.773838292178,1.0570957640073122,561.43445710105,0.027761049838934303,1
10.848314382450205,14.235969886741897,0.874258942062953,0.9638939411607179,141.6582772181129,1.0858592939592264,175.45317598498622,0.0,169.99394237553742,0.025825518067386557,1
24.705485606465384,18.43580583302354,0.11714148455679424,0.874407633647358,183.233010508103,0.9302472038329597,450.1485026244097,9.144575810127067,455.19726818294885,0.2760313155189232,0
106.66929672534788,1.8830113423782195,0.9425452262835187,0.8261442280326835,1.467523453291855,6.056197807880064,201.7202176259337,0.7398883033442385,203.03577513968457,0.011382311169150689,1
57.53771459821803,15.237148973708853,0.9932409483335495,0.9153789442341606,352.3284850665519,4.005090988124814,859.5402544841475,1.9710320977703077,867.1111040362221,0.0,1
28.172519566950335,13.130911637242363,0.956500791424389,0.6819365528002409,126.05513750917429,1.03323090003708,365.3355601739388,1.912239818830158,0.6086349181979904,9.668682756788961e-06,0
11.869468160262064,1.7846085153753948,0.9632914976849873,0.755643401108537,3.9708961169124826,3.0284639618361484,18.69720751090106,0.0,5.314831816298956,0.010993225176980788,1
39.40912866439434,1.0455001055145663,0.8590917382802398,0.7953910046623769,10.565368638921878,3.976673717308144,72.57037482782378,0.11341091674121094,75.7917701953945,0.010562420892904822,1
98.41490028247951,0.0,0.25904702870762514,0.20260896347836083,0.0,1.1581290677504676,10.429367280344966,7.1214086638964735,17.65493309514846,0.0019013072913979042,0
12.986343897962422,28.57571696990218,0.03307782884319007,0.15553261769689433,288.5601503118151,10.992239019113013,417.40481616206307,23.029178415168385,411.45517510205235,0.0,0
8.934259537403909,43.46415306306689,0.8526039158654619,0.8984375728067252,431.78735384568483,4.9540571059527085,428.62732645273127,1.0940646194909946,433.1777648529071,0.004990969440211866,1
117.58880203695622,0.5600191137251777,0.9643355429110192,0.771109727229015,4.263226036330492,6.085512618650015,58.16062317557703,0.009376405591122409,64.00867061421415,0.0,1
12.740591646214918,15.49399152363076,0.9497520000717181,0.7801487172522721,150.9535085961633,0.9557498663433754,174.34790586944084,0.8472918148638707,165.63402869197225,0.0,1
10.0871540227499,22.374155236906105,0.08365219390272301,0.8565100938736261,217.46225184235948,1.0446412106158522,210.7450781682371,3.983755795875106,205.69791027642387,0.2571848923975542,0
38.91684096003254,13.426203991411557,0.8984476572902552,0.7666379590231635,134.04067850637455,1.0214115252294538,527.7499892821525,1.9486418774830798,4.818483559509097,0.015065260110774815,0
11.415757478424872,8.219426781674034,0.9098352011302452,0.8836346145232788,77.51868715716412,2.1106553356584543,89.60525971646132,1.3039628347004828,90.90451899400351,0.02684473871592832,1
13.901241704071706,5.5675979038162815,0.9770906163492982,0.7967190742872111,51.239574781602094,1.018387160642249,79.93189710855889,1.0181941944547364,74.59748801801302,0.0,1
7.094494242044743,5.508986696782048,0.9015192342772429,0.8723608109645595,55.38782710528506,0.8971997473981762,31.672391678705953,1.0798554579446495,40.96441789144325,0.02034746220792593,1
115.42416887751853,0.24402797830821582,0.0473983884446284,0.1379783691780693,0.0,1.9458139417289968,7.036539361321784,6.993735343255596,2.643004906991491,0.022569917825430295,0
10.438364052930378,16.739144098022162,0.14878294080342738,0.5958073854923702,165.11900215364435,1.0901022576158532,163.99515316396173,8.936173473327363,155.59082451630084,0.3389626322954109,0
54.79769377463285,8.062722145853584,0.9470046569096943,0.9415044150501368,295.81852806360496,3.997523289344314,448.0340681313901,0.0,456.3872721770611,0.0,1
27.463659425328384,22.65391856272857,0.06162623238754419,0.780710896171622,229.31984750551337,1.0644745849360462,609.3008461383235,2.837541829887217,605.1010336601393,0.1627306962159338,0
128.91943642351558,0.45534082277186033,0.11668693552443125,0.008020001530034486,0.0,0.9989715662960476,8.397797387410975,5.971117473261663,13.62803607913602,0.0,0
37.730197895866254,7.834992056129124,0.9717071478672378,0.7128605617957368,257.3521000940459,6.013527846713641,288.5024750623963,1.8013455863425485,293.64920507584833,0.0,1
56.99507850386567,14.266873972616139,0.7980770345863029,0.5770778120014787,142.56239325225695,1.0307317228666981,799.1223684861257,2.005390692227855,3.011260387890375,0.0,0
36.77488436267271,0.31033524779619465,0.9043732226439587,0.7651644479977315,6.161953820188858,3.7783744663912335,35.04101829749407,1.877017913045648,20.3018967392215,0.021705008793876365,1
16.64776228655778,14.910149119958009,0.017484379115565333,0.8424017332287043,155.2130872874073,0.9601549936247458,255.11898759108288,8.02768739578791,253.54951202592883,0.42870790979053963,0
13.818319802144707,19.273210043020736,0.011132836090889305,0.7327789477693258,191.08131375000576,2.091695800048855,288.88825774652923,5.92949199216319,301.3452512451948,0.29511651016683155,0
19.417511055353096,9.89792538634344,0.11723390415952716,0.8075938208331216,97.73018594273844,1.9195920189890148,178.62670232189538,3.0713380407487048,166.4735908227934,0.20733914649033455,0
41.579592512814905,2.5229792521445176,0.9621243514822433,0.8186840992631955,0.0,4.051579060787314,91.41977625403909,0.0,97.50474017380799,0.029556662746974712,1
28.0795088519662,16.840500902110225,0.0864354008947456,0.06608358008694201,168.4655128604739,5.070289764343361,459.2837228748402,8.861492676959035,452.62025510803045,0.044483109147536254,0
17.281458101798325,8.833675656416126,0.8834447356144789,0.7620712247175448,88.77223084093738,1.9571636371370953,158.7612777790394,1.0821726623324857,158.2318946854825,0.027122991781457766,1
12.30001244568686,30.958648743878243,0.07424653635931788,0.18646634226590053,306.67385175114345,5.902385557988909,382.6931914625365,15.779636233176968,379.5728192689636,0.0,0
292.6716856008277,0.19421219849326632,0.07536523436158478,0.15597688602948515,0.0,0.9936122996406074,0.8448588919152429,1.0463656339346408,0.0,0.5947321267442416,0
38.89346753714756,11.58183203521584,0.9622033490478226,0.7531131193452206,287.2951148060427,5.0398132713014405,455.62971235937124,0.9731672576890247,460.1635517708407,0.025345995827854736,1
7.72935112383566,15.189915183403347,0.9965198378134544,0.8455284591419685,157.6682889388,2.0753082340256124,120.9683674427924,0.06592471768584716,115.89214974108071,0.0,1
36.40221056061969,7.533194408296849,0.9430600531581185,0.8910112251237056,74.71947476668575,1.041056506419635,269.4755673307085,2.0247508063699735,0.0,0.00550081806973481,0
9.194293293313345,13.688122820704976,0.08853938900837079,0.14623462423735586,136.13978230500447,15.947626393906171,122.82622852205296,19.90236894108372,130.5309145886789,0.08306668786332495,0
25.425716421993492,13.837506317889881,0.14791249948014124,0.8025721753919847,132.56759815162533,1.0176949221387297,306.6637403322071,2.776064075515152,305.8303587728054,0.3829526716692359,0
15.02185970547869,33.155857408710695,0.9710460389911633,0.8817558347789569,336.2617825055802,6.026261657757221,426.8416801552837,1.023087907649934,427.7471369603157,0.008783111309909351,1
72.9658924433782,0.06873725783827982,0.28089361163752025,0.06826899367557847,0.0,1.995533407306072,12.898953666998455,6.990842445436441,9.108283965036216,0.0,0
40.27040919866726,25.851597796398856,0.06858939194749855,0.08063518053830386,252.45374081027168,9.870414632242259,1052.9738408432409,16.026324112352672,1015.0204514226274,0.0,0
56.380816208282916,2.2581829204730535,0.8628445641347808,0.8096820172738747,4.48252881114009,4.07280021371924,128.79036048887087,0.7831930377504239,121.22254645409306,0.019508402959224437,1
47.12194960096951,10.171096916935424,0.7297951648709288,0.8160286950916814,101.92058797564799,1.1116494422261,487.93985052897534,2.032060133930813,1.4668683721560647,0.0,0
135.9344240882017,0.09050731785321939,0.11462828863614628,0.0,5.807944290295285,0.892675192478686,12.154818681899775,3.1513427767994795,3.076235540930801,0.5418807823206232,0
87.29269837146343,0.013515032418315934,0.03737492370270716,0.21570346642565708,0.0,1.053866391431652,0.06275691224442159,1.0427935789260303,0.0,0.9251220820289595,0
293.9683227922544,0.17845288812791935,0.1337574994730229,0.31704188839221165,0.0,1.030053888217253,0.0,2.1376689370979656,11.54379583536151,0.5396263978848936,0
9.52656989445073,26.703375802334403,0.9690894203866683,0.8238665050166275,267.815243974008,6.035061448090701,274.4977492042656,1.8533203878080122,288.0943735959247,0.047234468299733025,1
48.483886597646325,18.439278152746116,0.8924397513673294,0.9070358835293753,409.1357946471403,3.9560804027545404,859.5820582792211,2.022977391688738,868.6852320861043,0.035727310362345874,1
88.85882370025627,0.0,0.032711268642006124,0.024493177852350174,0.0,0.8962997424543199,0.45474578239565444,2.1570441058711647,0.0,1.3041574554128994,0
127.90741996051747,0.6171243859174728,0.15617382732141094,0.18230823597143767,0.0,0.8282431937033421,7.904209239835422,11.093811758766847,26.097697529288254,0.006661707412829369,0
151.38666256063038,0.0,0.052519870935180166,0.0,0.0,0.9961784602179639,0.0,12.076018772915914,21.825409063004027,0.011348017843044287,0
24.496689943860563,23.97903173508141,0.09263054175719826,0.6754176803324465,242.81149306229207,1.8742109996531635,537.7128874381948,3.8456997630507392,537.0794812702507,0.5049728984528846,0
6.779731800249581,9.926961679050564,0.8986991349350071,0.8524128350701214,103.41358815670098,1.0197184640150687,81.17531130820754,0.05657407077178698,93.20356547455881,0.008785689790998199,1
8.882187785766348,48.53206778269562,0.9533696865740874,0.8738149904313693,486.9374733050319,4.973158496737864,293.79365358242967,0.03805237792123945,303.22920043688487,0.020113267188347578,1
9.604987764949763,7.82499114814035,0.8895553323988902,0.8851401253537106,77.52359140124419,1.1140497031519145,77.01046150284536,0.0,70.23018967638502,0.034771508108980484,1
171.84032147097125,0.07112453712105711,0.036974513539069054,0.12422392292378169,0.0,2.035952501022104,0.0,6.070229214225861,7.317710977233974,0.003922659072076635,0
45.57590108952831,5.311029053307532,0.9657865997217222,0.770091509144308,50.21669761867933,1.0049879407750033,235.13861808671544,2.001278361395356,0.0,0.0,0
13.56840174453434,30.165037638567057,0.9010082607167561,0.9008160305646526,296.263266607638,4.943238652274682,408.68194515533554,0.0,402.90460253946736,0.018074635530250675,1
19.02562701656398,17.31369073071842,0.9168516557133563,0.8658401794998989,173.72246434099733,0.9495548851365508,337.8983191703663,0.3338277501486747,339.70254622330776,0.021575931708999217,1
33.274852019059175,1.8597966617839776,0.9559300236682172,0.796057518768857,6.707706314005318,5.92674304086138,33.72200479639285,1.9655039848926883,15.559302415754871,0.005266936223197371,1
3.6574156158911064,26.003260432342756,0.9060848498336889,0.903889237837103,263.3852311556105,5.127861474136355,88.78098930138727,0.0,94.96003203307856,0.018178884469439993,1
48.411390130160285,9.642555618548613,0.9105198345259642,0.6602602960343542,92.97253206240724,1.0914090765029447,461.9662413572735,0.0,2.9905668597481214,0.0,0
8.783384422592245,22.93301464768132,0.11531700382649093,0.781710175048743,231.4661312438228,2.053703121269246,189.64941589790746,4.118970638405041,207.79962464583804,0.10938975128825987,0
130.15287675748976,0.1562261758246463,0.14561294806401623,0.23126313412595612,0.0,0.8599126123236657,7.373094042505878,5.06637328174618,4.676230108966028,0.0,0
64.85755664204451,0.0,0.14457946324217624,0.2917123295115229,0.0,0.9560545380599874,4.550410705615864,1.0418418911699072,2.540261472545818,0.906688665448428,0
76.80395005307746,0.12580376166006008,0.11219550559522876,0.0,0.0,2.028031093751272,9.986259854675158,18.06397801462961,19.0863531137121,0.017778237793282498,0
26.430056851254584,6.33400308372695,0.8072873814251862,0.5050496312929657,60.23882650246768,0.9424322895817588,154.3662178988601,1.9234257672342276,8.005452218061777,0.008255968288573525,0
23.926847157537104,9.003135355410148,0.8478791619728969,0.8019760195032796,97.12053484372207,1.0027374712244324,211.60369733977484,0.2620265022582328,221.66028268833196,0.02274038483799324,1
15.74729457293765,16.885669023999466,0.972956044247238,0.7514282413353873,160.7738579730379,0.9098708527066154,295.10937239145466,0.0,3.2235533061565693,0.0,0
16.88158738141315,10.17656425475683,0.024913387887296877,0.9304661546106058,100.90869203533681,0.9540918161804209,171.48549304413956,8.869765313291271,166.69814220415014,0.1681922542103653,0
90.4593318039409,2.8906842590291726,0.938965941149426,0.8979574343713365,5.2142956686638735,6.1001653039051345,268.04027604202093,1.0067146135570102,266.8622372893747,0.0,1
